MONUMENT_RECORD_NO,LATITUDE,LONGITUDE
278M,51.452313,-2.5891412
339M,51.456075,-2.5920969
1670M,51.455081,-2.5912781
1672M,51.452875,-2.6110667
1674M,51.453001,-2.6110828
1676M,51.453145,-2.6110847
1697M,51.455361,-2.5926922
1091M,51.45121,-2.5973874
1698M,51.455164,-2.5926321
459M,51.455751,-2.5902649
1378M,51.45029,-2.608557
1556M,51.455801,-2.5893013
22M,51.451899,-2.5928776
230M,51.452665,-2.6100709
232M,51.452017,-2.5943758
234M,51.460787,-2.5900996
1512M,51.453859,-2.5998686
12M,51.451849,-2.5937692
131M,51.458034,-2.6011324
133M,51.454711,-2.5916044
136M,51.453824,-2.5979972
137M,51.45386,-2.5980121
138M,51.453896,-2.598027
118M,51.456472,-2.5810629
1240M,51.459659,-2.5963175
1513M,51.453905,-2.5997829
1514M,51.45395,-2.5996971
1516M,51.454086,-2.5994542
1517M,51.454132,-2.5993685
1518M,51.454177,-2.5992971
1519M,51.454222,-2.599197
1520M,51.454071,-2.5989359
1521M,51.454034,-2.5990074
1522M,51.453998,-2.5990789
1523M,51.45398,-2.5991218
235M,51.449691,-2.5973244
122M,51.456318,-2.5811617
124M,51.457585,-2.600997
3215M,51.457548,-2.5284848
700M,51.45147,-2.5869861
1064M,51.451461,-2.5869284
1065M,51.451443,-2.5869138
1066M,51.458681,-2.5852219
1067M,51.458911,-2.5858725
275M,51.4524,-2.5897036
277M,51.452266,-2.589486
1238M,51.452008,-2.594462
1593M,51.459256,-2.5907563
1241M,51.461007,-2.5982639
71M,51.452268,-2.6033449
721M,51.456757,-2.5923073
722M,51.456613,-2.5958892
908M,51.454756,-2.6091345
1694M,51.454124,-2.5830624
1695M,51.454409,-2.5836129
150M,51.453149,-2.5998593
1001M,51.457321,-2.5928759
152M,51.456763,-2.5857731
155M,51.455158,-2.595496
157M,51.455859,-2.5939364
159M,51.456398,-2.5974408
15M,51.452323,-2.5943654
160M,51.45647,-2.5974129
161M,51.456308,-2.5974252
162M,51.456896,-2.5861922
1002M,51.457184,-2.5914924
163M,51.456887,-2.5860913
166M,51.45692,-2.5868113
167M,51.455864,-2.5947424
169M,51.451766,-2.5942574
171M,51.455982,-2.5979967
172M,51.455901,-2.597938
3216M,51.458598,-2.5446174
3217M,51.442056,-2.5440896
1092M,51.451123,-2.596969
237M,51.450011,-2.5963788
1524M,51.453953,-2.5991647
1525M,51.453816,-2.5995227
1526M,51.453771,-2.5996084
1527M,51.453734,-2.5996943
1528M,51.453698,-2.5997802
1529M,51.453643,-2.5998658
1530M,51.446599,-2.5970682
116M,51.456337,-2.5810468
1000M,51.456865,-2.5922799
1237M,51.456636,-2.578719
1003M,51.458369,-2.5936523
1005M,51.459591,-2.5919122
1006M,51.456435,-2.5794361
1008M,51.458508,-2.5783829
1009M,51.457992,-2.5827231
1010M,51.460372,-2.579558
1011M,51.457646,-2.5854389
1012M,51.457958,-2.5860187
1013M,51.45873,-2.582531
1014M,51.455968,-2.5954202
101M,51.453454,-2.5894006
104M,51.455477,-2.5946942
105M,51.455476,-2.5948381
128M,51.452788,-2.6071223
13M,51.451876,-2.5956548
141M,51.454102,-2.5982023
142M,51.454146,-2.5982317
174M,51.454819,-2.5914474
3210M,51.459444,-2.550169
175M,51.454774,-2.5915908
176M,51.457869,-2.5894143
177M,51.457994,-2.589531
179M,51.460526,-2.5903121
17M,51.45211,-2.593715
180M,51.455492,-2.5900457
989M,51.454819,-2.5932177
98M,51.45847,-2.593265
991M,51.454811,-2.5931024
768M,51.448412,-2.5779962
769M,51.446415,-2.5962456
3211M,51.454442,-2.5639251
125M,51.455133,-2.6057142
126M,51.454021,-2.6067932
139M,51.45394,-2.5981139
108M,51.455998,-2.5965288
109M,51.454271,-2.594952
110M,51.454378,-2.5950541
115M,51.456337,-2.5811188
753M,51.454179,-2.5899424
145M,51.456006,-2.5949602
5292M,51.46877,-2.5851351
754M,51.453863,-2.5902981
755M,51.448783,-2.5990106
756M,51.446438,-2.6178301
757M,51.44765,-2.597341
279M,51.452251,-2.5890828
27M,51.451664,-2.5947886
280M,51.454455,-2.5887227
25M,51.451692,-2.5945731
261M,51.454129,-2.5945472
723M,51.456712,-2.5958473
5104M,51.458954,-2.5754235
146M,51.457867,-2.5985538
147M,51.453933,-2.5923571
149M,51.453015,-2.599728
14M,51.451859,-2.5953668
1410M,51.458647,-2.599111
1411M,51.452674,-2.5923983
72M,51.453791,-2.5885702
1413M,51.4574,-2.5985765
1415M,51.457453,-2.5986636
1437M,51.451549,-2.5944417
292M,51.450773,-2.5859842
294M,51.452106,-2.5873828
295M,51.45112,-2.586737
726M,51.45676,-2.5864495
727M,51.457101,-2.5865834
728M,51.45735,-2.5851617
730M,51.456189,-2.5960852
266M,51.450762,-2.5899991
267M,51.450663,-2.5899978
269M,51.448332,-2.5904426
26M,51.451674,-2.5946736
270M,51.448404,-2.5904148
271M,51.44844,-2.5904009
272M,51.448477,-2.5903725
273M,51.448278,-2.5904851
1342M,51.460723,-2.5974973
1343M,51.460881,-2.5965637
84M,51.454373,-2.5924923
1345M,51.450399,-2.5906852
1347M,51.450806,-2.5903306
1348M,51.450579,-2.5907307
1581M,51.446167,-2.5918824
3219M,51.44964,-2.5897544
3220M,51.452519,-2.592972
3221M,51.457342,-2.5975826
3222M,51.455825,-2.6039387
3200M,51.455508,-2.6026824
3202M,51.458195,-2.6012065
3204M,51.457676,-2.5990551
3206M,51.460067,-2.5974599
3209M,51.463544,-2.588998
1427M,51.458392,-2.601353
578M,51.454305,-2.5989534
579M,51.454331,-2.5990113
57M,51.451427,-2.6006714
581M,51.455303,-2.595282
582M,51.455232,-2.5952235
583M,51.455134,-2.5949776
584M,51.455134,-2.5949776
1093M,51.451261,-2.5998346
585M,51.451585,-2.5961403
587M,51.452652,-2.5896781
262M,51.451496,-2.5907857
264M,51.448733,-2.5894405
799M,51.455034,-2.5935083
79M,51.454105,-2.592201
800M,51.454678,-2.594396
1430M,51.455941,-2.5774869
1405M,51.451518,-2.5970892
1406M,51.456692,-2.5945373
1681M,51.453469,-2.611089
1683M,51.453612,-2.6110909
1685M,51.453738,-2.6110926
1688M,51.453945,-2.6111098
1094M,51.450123,-2.598985
1690M,51.45408,-2.6111116
1692M,51.449008,-2.5973587
840M,51.452565,-2.5927279
841M,51.452457,-2.5926833
842M,51.452376,-2.5926823
843M,51.451873,-2.5925319
844M,51.453204,-2.5925203
845M,51.453165,-2.5932394
847M,51.450305,-2.5969007
849M,51.446641,-2.5888955
693M,51.454878,-2.5941251
1598M,51.459459,-2.5896795
1599M,51.45963,-2.5896097
1600M,51.459685,-2.5894665
1601M,51.459721,-2.5893662
1602M,51.459748,-2.589309
1603M,51.459723,-2.5890927
971M,51.450454,-2.5923408
972M,51.450993,-2.5923766
973M,51.451209,-2.5923937
974M,51.455228,-2.5869768
975M,51.454377,-2.5864909
976M,51.451134,-2.5786063
995M,51.449315,-2.5863397
996M,51.450998,-2.5878723
1095M,51.450216,-2.5984825
1026M,51.448269,-2.5921974
341M,51.454927,-2.5933342
1442M,51.446371,-2.6203042
709M,51.459145,-2.5949002
70M,51.455389,-2.5943764
710M,51.458561,-2.5947775
712M,51.45742,-2.5946331
713M,51.457465,-2.594461
796M,51.451385,-2.600196
797M,51.447977,-2.5896466
385M,51.456274,-2.5936395
386M,51.456435,-2.5936704
387M,51.456435,-2.5936704
38M,51.446872,-2.5910857
390M,51.456274,-2.5934956
392M,51.457175,-2.5932914
395M,51.454787,-2.5942967
992M,51.452896,-2.5894222
993M,51.45212,-2.5881889
994M,51.44945,-2.5864133
752M,51.446146,-2.6168477
287M,51.453369,-2.5883921
288M,51.452526,-2.5878631
289M,51.452544,-2.5878778
343M,51.454654,-2.5939063
1424M,51.453687,-2.585892
771M,51.46159,-2.587922
1431M,51.45672,-2.5762302
1447M,51.45707,-2.5782496
493M,51.455157,-2.5904444
494M,51.455093,-2.590645
495M,51.459071,-2.5916608
497M,51.455487,-2.5962199
499M,51.457073,-2.595521
49M,51.455956,-2.5888571
4M,51.454642,-2.592798
500M,51.457073,-2.595521
501M,51.455808,-2.5985413
1170M,51.450461,-2.5855916
1276M,51.454226,-2.5770479
1278M,51.453828,-2.5791872
1279M,51.454518,-2.5797716
1280M,51.454865,-2.5803949
1281M,51.45175,-2.6008484
1029M,51.455776,-2.6029881
1143M,51.456239,-2.5987053
1161M,51.450185,-2.5867969
1162M,51.450215,-2.5879917
1428M,51.450963,-2.5786041
1429M,51.450581,-2.5776207
1432M,51.45669,-2.5769494
1434M,51.456745,-2.5767342
1436M,51.457337,-2.5752592
941M,51.456649,-2.5959616
1034M,51.457733,-2.6019201
1678M,51.45328,-2.6110865
1680M,51.453406,-2.6110882
1167M,51.450039,-2.5853848
1168M,51.451542,-2.5851018
1169M,51.450284,-2.5868414
1171M,51.461415,-2.59041
1172M,51.463296,-2.5900312
282M,51.446881,-2.593014
285M,51.453039,-2.5879129
1189M,51.456207,-2.5925448
773M,51.448033,-2.5961948
775M,51.448173,-2.5951893
777M,51.448806,-2.6170994
1090M,51.452555,-2.5965271
607M,51.456358,-2.5966199
1574M,51.458493,-2.5957266
820M,51.45865,-2.5914538
1315M,51.458309,-2.5821658
1316M,51.458555,-2.5816508
1317M,51.458745,-2.5814085
1318M,51.45756,-2.5772626
1319M,51.457004,-2.5807531
1340M,51.460481,-2.5974221
1341M,51.460593,-2.5982441
325M,51.453839,-2.5931906
1132M,51.456581,-2.5826044
326M,51.453799,-2.5941255
327M,51.452589,-2.5933039
328M,51.453719,-2.592124
1455M,51.4563,-2.5812047
1456M,51.45095,-2.6025648
69M,51.454705,-2.5979944
770M,51.446387,-2.5963028
1354M,51.450583,-2.6211672
1357M,51.45365,-2.6020966
1358M,51.450572,-2.5830747
1084M,51.459372,-2.5836762
1359M,51.457705,-2.5879873
1438M,51.463,-2.584687
1479M,51.460474,-2.5915494
1480M,51.460699,-2.591653
1495M,51.462008,-2.5870206
1534M,51.449116,-2.5866681
1536M,51.464074,-2.5891344
1030M,51.453952,-2.5868021
1031M,51.457464,-2.5964616
1032M,51.453246,-2.6002348
1085M,51.459434,-2.5838785
731M,51.458198,-2.5953197
732M,51.456443,-2.5886763
733M,51.457268,-2.5854053
903M,51.454124,-2.6025346
1123M,51.452299,-2.5866513
1125M,51.451634,-2.6006741
1127M,51.450285,-2.5902232
1128M,51.45032,-2.5902812
1129M,51.454819,-2.5914331
1131M,51.44923,-2.5780929
1086M,51.459042,-2.5849386
1087M,51.458809,-2.5847054
1088M,51.458718,-2.5849345
1089M,51.459297,-2.593247
1121M,51.454735,-2.5955625
1164M,51.450691,-2.5880122
1165M,51.453466,-2.5993454
1166M,51.450688,-2.5869617
250M,51.457409,-2.5914234
1267M,51.456244,-2.5780376
1268M,51.453851,-2.5854623
1174M,51.456546,-2.591441
1269M,51.452166,-2.596853
1270M,51.458043,-2.5760021
1271M,51.458214,-2.5759755
1272M,51.457894,-2.5770654
1273M,51.455667,-2.578275
1274M,51.455987,-2.577286
1275M,51.455287,-2.5770037
1036M,51.455038,-2.5873485
1038M,51.455887,-2.5882949
1040M,51.457264,-2.5934365
365M,51.45532,-2.5920152
1249M,51.461308,-2.5973322
1250M,51.461163,-2.5975318
1252M,51.461055,-2.5977031
1253M,51.451397,-2.5816461
1254M,51.450023,-2.583226
1255M,51.450412,-2.582828
1256M,51.448736,-2.5817274
1478M,51.460447,-2.5916066
361M,51.454672,-2.593849
362M,51.454898,-2.5918227
364M,51.45532,-2.5920296
668M,51.454072,-2.5952516
66M,51.45473,-2.5966706
672M,51.452114,-2.5839722
673M,51.45387,-2.5888447
674M,51.45224,-2.5894569
675M,51.450022,-2.5959472
676M,51.44906,-2.5976759
677M,51.452188,-2.5925647
822M,51.459332,-2.5934777
823M,51.459304,-2.5935925
824M,51.459213,-2.593764
826M,51.458073,-2.5881791
828M,51.457341,-2.5907172
830M,51.457814,-2.5913278
766M,51.44827,-2.593881
767M,51.448412,-2.5779962
724M,51.456705,-2.5882767
893M,51.455849,-2.5922092
894M,51.455885,-2.5921952
1352M,51.450136,-2.6224275
1353M,51.450512,-2.6209504
1119M,51.451584,-2.5911466
5106M,51.459082,-2.5749357
1466M,51.463724,-2.5890579
1468M,51.462677,-2.5897497
1604M,51.459669,-2.5890488
1605M,51.459606,-2.5890049
23M,51.451877,-2.5935393
1259M,51.450687,-2.5925309
1260M,51.452692,-2.5923986
1261M,51.453125,-2.592289
194M,51.455395,-2.5949378
852M,51.453514,-2.5882356
196M,51.454961,-2.5954935
197M,51.454567,-2.5844065
749M,51.449638,-2.5988491
74M,51.460101,-2.5872264
750M,51.446146,-2.6168477
448M,51.452186,-2.5893123
449M,51.452222,-2.5893415
44M,51.458479,-2.5985762
1537M,51.457178,-2.5782509
1538M,51.451612,-2.5996953
853M,51.453469,-2.5882063
1175M,51.449988,-2.6043221
534M,51.455756,-2.5894158
553M,51.456133,-2.5966026
554M,51.456273,-2.5974248
555M,51.456515,-2.5974279
556M,51.456551,-2.5974284
558M,51.459079,-2.5793113
559M,51.454138,-2.592849
1096M,51.46045,-2.5820203
1097M,51.458286,-2.5958678
1098M,51.462066,-2.5896843
1099M,51.451129,-2.5974152
1101M,51.457954,-2.5956476
1118M,51.450998,-2.5914844
1176M,51.454602,-2.5953737
1177M,51.455656,-2.5824486
1178M,51.461437,-2.5932171
1179M,51.461259,-2.5929269
1180M,51.460334,-2.578334
1182M,51.461938,-2.5883584
1184M,51.455392,-2.5792934
1185M,51.451604,-2.5853904
1187M,51.451805,-2.5827738
1188M,51.452126,-2.5870809
678M,51.452175,-2.5934136
793M,51.449136,-2.5898054
794M,51.448893,-2.5898743
795M,51.456938,-2.5920074
185M,51.450078,-2.590163
187M,51.455368,-2.5896699
188M,51.451882,-2.5891213
189M,51.449015,-2.5976897
18M,51.451897,-2.5932517
191M,51.455079,-2.5951928
193M,51.455106,-2.5952507
679M,51.452223,-2.5926947
67M,51.456163,-2.6048355
680M,51.451926,-2.596375
681M,51.455311,-2.5902592
682M,51.454719,-2.5934179
837M,51.452862,-2.5926598
838M,51.452817,-2.592688
1458M,51.452807,-2.6103174
1459M,51.453773,-2.6096107
1460M,51.454027,-2.6092111
1461M,51.453018,-2.6094999
1465M,51.451747,-2.5944155
1621M,51.447856,-2.6217633
1622M,51.459117,-2.6056374
1623M,51.461293,-2.5788068
1625M,51.460321,-2.5790104
876M,51.455432,-2.5965934
877M,51.455522,-2.596537
879M,51.455204,-2.5917547
87M,51.452223,-2.5856718
882M,51.459467,-2.5899099
883M,51.457203,-2.5912912
450M,51.452249,-2.5893707
1589M,51.460064,-2.5891115
451M,51.450554,-2.5866721
1227M,51.458902,-2.5931843
1229M,51.457646,-2.5944058
1230M,51.446663,-2.586133
1231M,51.446851,-2.586452
1232M,51.452211,-2.5898019
1233M,51.452184,-2.5898735
1234M,51.452217,-2.5867798
1235M,51.453212,-2.5909805
1590M,51.459304,-2.5917645
1591M,51.459341,-2.591693
1768M,51.476735,-2.6186715
1770M,51.477589,-2.6014903
1771M,51.474195,-2.6057219
1772M,51.49333,-2.5879271
1774M,51.502631,-2.6371753
1775M,51.440074,-2.5983067
1262M,51.460325,-2.6014936
1302M,51.457006,-2.5856323
1606M,51.459543,-2.5889465
1607M,51.459481,-2.5888881
1608M,51.459418,-2.5888441
1609M,51.459319,-2.5889436
540M,51.452761,-2.5930039
6M,51.448337,-2.5895649
715M,51.457905,-2.5912139
716M,51.457628,-2.5925632
786M,51.448482,-2.5874946
787M,51.448651,-2.586029
78M,51.456839,-2.5866664
790M,51.451543,-2.6009032
791M,51.451381,-2.600973
1592M,51.459377,-2.5915927
542M,51.452094,-2.5843605
544M,51.452891,-2.5975677
545M,51.455801,-2.5946984
546M,51.456069,-2.5968464
547M,51.456068,-2.596904
548M,51.456086,-2.5969618
549M,51.456095,-2.5970051
550M,51.456167,-2.5969916
551M,51.45615,-2.5968331
552M,51.456123,-2.5967176
872M,51.454459,-2.5969261
873M,51.453939,-2.5983585
874M,51.454974,-2.5964291
1586M,51.459824,-2.5904038
1587M,51.459971,-2.5897292
1588M,51.460297,-2.5892585
1776M,51.457851,-2.5525103
1777M,51.42405,-2.5859586
2217M,51.44455,-2.6177327
2218M,51.444896,-2.616874
2220M,51.439363,-2.6123826
2221M,51.442044,-2.6121595
2222M,51.441775,-2.6171629
2223M,51.440536,-2.6046002
2224M,51.445853,-2.6093038
244M,51.453606,-2.5984261
245M,51.451498,-2.6045148
3164M,51.459772,-2.5699066
762M,51.450352,-2.608601
3165M,51.457148,-2.5660166
3166M,51.455451,-2.5691763
3167M,51.466686,-2.5971721
5260M,51.453268,-2.5742294
5261M,51.453186,-2.5726165
5262M,51.453834,-2.5725239
5268M,51.455294,-2.5718801
5270M,51.453388,-2.5718707
5271M,51.452994,-2.5715348
5272M,51.454787,-2.5706793
5273M,51.453543,-2.569498
5274M,51.453525,-2.5695697
5275M,51.45394,-2.5674017
5278M,51.468268,-2.5919669
5282M,51.468299,-2.5911035
5283M,51.468245,-2.589476
5284M,51.468003,-2.5891562
5285M,51.467894,-2.5894283
5286M,51.468337,-2.5890885
5287M,51.467297,-2.5883985
5288M,51.467412,-2.5886879
5289M,51.467463,-2.5875081
5290M,51.467685,-2.5881444
5291M,51.46854,-2.5843835
199M,51.452693,-2.5851597
19M,51.451906,-2.5931655
1M,51.454929,-2.5928161
1594M,51.459246,-2.5891729
1595M,51.459218,-2.5892589
1596M,51.459262,-2.5894898
1597M,51.45936,-2.5895774
1620M,51.447463,-2.6195707
725M,51.456814,-2.586407
986M,51.453416,-2.5897023
987M,51.453192,-2.5896419
759M,51.446748,-2.6100639
760M,51.446886,-2.6008564
21M,51.451916,-2.5929786
763M,51.447539,-2.5819424
764M,51.44663,-2.5981191
765M,51.447908,-2.5942505
1481M,51.460662,-2.5917101
1482M,51.460635,-2.591753
1483M,51.460599,-2.5917957
2225M,51.44056,-2.6241389
2226M,51.445239,-2.5402136
3158M,51.440961,-2.6025339
3159M,51.440477,-2.6004845
3160M,51.472791,-2.5848554
3162M,51.459985,-2.5705858
3163M,51.459482,-2.572206
348M,51.455168,-2.5936252
349M,51.455186,-2.5936542
34M,51.455842,-2.590151
350M,51.455212,-2.5937121
351M,51.45523,-2.5937411
885M,51.457322,-2.5907602
886M,51.451775,-2.5941712
887M,51.456102,-2.5920541
888M,51.456869,-2.5915315
889M,51.456841,-2.5916319
736M,51.457437,-2.5859112
424M,51.456129,-2.5974373
59M,51.451806,-2.6005181
600M,51.455342,-2.5840998
601M,51.45615,-2.5841964
200M,51.452817,-2.5855354
202M,51.448816,-2.5853404
203M,51.456708,-2.6054472
204M,51.45653,-2.5908795
5107M,51.458901,-2.5733934
206M,51.451954,-2.587237
207M,51.451909,-2.587222
208M,51.451882,-2.5872073
209M,51.451837,-2.5872498
20M,51.451898,-2.5930791
210M,51.451819,-2.5871777
215M,51.45152,-2.5930598
217M,51.461661,-2.5827122
219M,51.453156,-2.5896702
5108M,51.458955,-2.5734228
535M,51.455774,-2.5893873
537M,51.455452,-2.5960756
538M,51.455816,-2.5899635
539M,51.453422,-2.5974883
1016M,51.457614,-2.5953121
1017M,51.456282,-2.5919125
1018M,51.453488,-2.5933155
1020M,51.456435,-2.5884603
1023M,51.45415,-2.5957708
1025M,51.449738,-2.5862012
1540M,51.463265,-2.589124
1541M,51.452026,-2.594304
737M,51.455076,-2.5869316
1542M,51.456561,-2.5830215
1543M,51.45657,-2.5830216
1544M,51.456522,-2.5835247
1545M,51.454498,-2.5926522
1546M,51.459621,-2.5895952
300M,51.453872,-2.5885712
302M,51.453744,-2.5870585
303M,51.452298,-2.5849244
306M,51.451891,-2.5925321
561M,51.455632,-2.5942501
5110M,51.460778,-2.5721214
739M,51.457718,-2.5836551
740M,51.45961,-2.5810596
742M,51.455612,-2.5964806
743M,51.452407,-2.5972591
744M,51.452335,-2.5973302
745M,51.452209,-2.5972566
748M,51.450792,-2.5983174
454M,51.455336,-2.5905186
352M,51.455248,-2.5937845
5111M,51.461241,-2.5711484
353M,51.455266,-2.5938279
354M,51.455284,-2.593857
355M,51.455301,-2.5939004
1668M,51.457713,-2.589916
45M,51.456157,-2.6041877
460M,51.455802,-2.5892005
461M,51.455893,-2.588957
464M,51.456969,-2.586006
465M,51.455683,-2.5895156
977M,51.45163,-2.5782528
978M,51.453205,-2.5816979
979M,51.452398,-2.5776148
97M,51.458506,-2.5931791
980M,51.453651,-2.5913748
981M,51.44905,-2.5853865
982M,51.449029,-2.5859187
983M,51.446124,-2.5914933
984M,51.447006,-2.5948144
985M,51.451776,-2.5904151
297M,51.451639,-2.5873912
29M,51.451236,-2.5906384
1050M,51.451016,-2.6020619
1051M,51.457227,-2.5827853
1052M,51.455133,-2.6057861
1056M,51.454414,-2.5932988
1057M,51.457698,-2.5928808
1058M,51.452012,-2.6006647
1059M,51.454795,-2.6031623
1060M,51.456756,-2.5995036
1061M,51.455471,-2.5851377
1062M,51.451558,-2.6032204
997M,51.450398,-2.583792
998M,51.454494,-2.5900184
999M,51.462339,-2.6032186
99M,51.458451,-2.5933799
359M,51.454636,-2.5939493
35M,51.455574,-2.5898596
360M,51.454645,-2.5939062
1610M,51.461777,-2.5899684
1612M,51.462139,-2.5894981
1613M,51.462674,-2.5905126
1503M,51.449666,-2.5970507
1506M,51.450116,-2.5969558
1507M,51.457616,-2.5984066
1508M,51.457679,-2.598465
1321M,51.457463,-2.5806581
1509M,51.458666,-2.5792053
1510M,51.453768,-2.6000545
1511M,51.453814,-2.5999544
1531M,51.457343,-2.5776341
1532M,51.446344,-2.5995543
1533M,51.454451,-2.5984228
224M,51.460868,-2.5990105
225M,51.453289,-2.5900317
735M,51.456989,-2.5872872
5112M,51.461454,-2.5698556
1367M,51.458755,-2.5793648
1368M,51.45946,-2.5805252
1484M,51.460563,-2.5918384
1485M,51.46052,-2.5914348
515M,51.456851,-2.5985549
516M,51.455348,-2.5863306
604M,51.448006,-2.587359
605M,51.452337,-2.6038351
606M,51.457327,-2.5933366
831M,51.458187,-2.5904835
738M,51.458043,-2.5832707
316M,51.45343,-2.5924225
318M,51.451709,-2.5929615
319M,51.454123,-2.59223
31M,51.45253,-2.5925692
321M,51.454176,-2.5923027
322M,51.453765,-2.591808
323M,51.453756,-2.5918655
947M,51.456255,-2.5919266
94M,51.458348,-2.5924142
950M,51.450249,-2.6024836
952M,51.449187,-2.5992318
953M,51.455804,-2.5905822
954M,51.455501,-2.5935431
956M,51.454974,-2.5945869
958M,51.452568,-2.5938217
1640M,51.453249,-2.5960469
1641M,51.452081,-2.5958589
1642M,51.459891,-2.6053454
1643M,51.451969,-2.5967497
1644M,51.453301,-2.5912119
1646M,51.451872,-2.5874374
1322M,51.457916,-2.5799874
455M,51.455444,-2.5906064
456M,51.456116,-2.5891758
458M,51.45577,-2.59015
562M,51.454633,-2.5927835
563M,51.454686,-2.592813
565M,51.454802,-2.5929728
691M,51.448795,-2.5914991
692M,51.458533,-2.5895236
346M,51.455132,-2.5935384
347M,51.45515,-2.5935818
440M,51.455982,-2.5891309
1323M,51.457963,-2.5794123
441M,51.456111,-2.5903271
443M,51.45272,-2.5904273
444M,51.452835,-2.5907886
445M,51.45148,-2.588598
447M,51.452151,-2.589283
1496M,51.462053,-2.5869348
1497M,51.462089,-2.5869496
1498M,51.46147,-2.5884819
1499M,51.45385,-2.6103745
1500M,51.449596,-2.5877823
1502M,51.455434,-2.5817694
5114M,51.460132,-2.5698535
332M,51.454019,-2.5949487
333M,51.453545,-2.5944101
1448M,51.45659,-2.5789343
1454M,51.46312,-2.5893668
1449M,51.463207,-2.5900301
1451M,51.462453,-2.5896461
358M,51.454636,-2.5939781
1201M,51.448325,-2.6180427
5115M,51.459074,-2.5692358
1144M,51.457576,-2.5974994
1486M,51.460556,-2.5913777
1487M,51.460362,-2.5924547
1488M,51.460398,-2.592412
1489M,51.460852,-2.5914679
1490M,51.460491,-2.591895
1491M,51.460502,-2.5914921
1494M,51.461971,-2.5871928
55M,51.45392,-2.596804
560M,51.455677,-2.5943658
1202M,51.457245,-2.5828863
30M,51.45128,-2.5906534
310M,51.453517,-2.5947839
311M,51.453107,-2.5939726
314M,51.453283,-2.5929099
315M,51.452223,-2.5926803
1652M,51.460704,-2.5923584
1653M,51.460731,-2.5924019
1654M,51.460543,-2.5921548
1160M,51.450355,-2.5869142
1655M,51.460579,-2.5921121
1656M,51.460634,-2.592012
868M,51.455916,-2.5932175
869M,51.453004,-2.6019154
870M,51.452295,-2.5981355
871M,51.453422,-2.5974883
623M,51.455697,-2.5974028
1648M,51.454706,-2.5924678
1649M,51.455419,-2.5848491
1650M,51.45085,-2.6201203
1369M,51.459828,-2.5805011
1370M,51.460012,-2.5797981
1371M,51.451207,-2.6032733
369M,51.456031,-2.5919381
1372M,51.455214,-2.5790177
1373M,51.455823,-2.58851
1375M,51.457697,-2.587872
1376M,51.459211,-2.5853006
1377M,51.445763,-2.5881072
239M,51.457185,-2.5877215
252M,51.454979,-2.5972208
254M,51.460636,-2.5880825
256M,51.457982,-2.5902073
924M,51.44603,-2.5994063
258M,51.458271,-2.5899232
1444M,51.451527,-2.5898794
1445M,51.450448,-2.5899087
504M,51.458441,-2.602318
505M,51.451905,-2.6021456
331M,51.453823,-2.5945576
1547M,51.45819,-2.5986732
1548M,51.458654,-2.5994853
1549M,51.458708,-2.5995148
1550M,51.458752,-2.599573
1552M,51.45143,-2.5966564
1553M,51.447599,-2.5897137
430M,51.456909,-2.5977353
433M,51.456098,-2.5964438
436M,51.455276,-2.5900717
438M,51.455455,-2.5901748
1158M,51.451957,-2.5849056
1159M,51.452689,-2.585908
1190M,51.456271,-2.5924017
1192M,51.454689,-2.5959073
1193M,51.454737,-2.5933893
1194M,51.449167,-2.6083981
1196M,51.450191,-2.589229
1197M,51.454682,-2.6008005
1199M,51.450688,-2.5992802
1200M,51.45362,-2.6010312
1559M,51.455182,-2.5872784
1560M,51.453841,-2.5964287
5116M,51.456078,-2.5878224
1561M,51.455159,-2.5900846
1562M,51.456636,-2.5878296
1564M,51.460263,-2.5834573
1565M,51.456287,-2.5838096
1566M,51.447065,-2.5904119
1567M,51.459886,-2.5779253
1568M,51.453181,-2.5988667
1397M,51.451455,-2.5970884
367M,51.456126,-2.590903
368M,51.456015,-2.5914773
5410M,51.45678,-2.591372
371M,51.455703,-2.5926534
373M,51.454525,-2.5926814
374M,51.455871,-2.5950304
375M,51.456133,-2.5948755
376M,51.456201,-2.5955672
378M,51.456068,-2.5934785
379M,51.455777,-2.5940649
1156M,51.450145,-2.5838895
1157M,51.451994,-2.5828913
2320M,51.498047,-2.6547008
1363M,51.459191,-2.5784203
1364M,51.458983,-2.5786768
1366M,51.459078,-2.577728
1558M,51.456012,-2.5831584
1388M,51.452785,-2.5829014
1389M,51.458249,-2.5923554
1391M,51.44843,-2.5779965
1393M,51.451823,-2.5846593
922M,51.462903,-2.5895511
923M,51.451362,-2.5869559
5411M,51.457136,-2.5921395
926M,51.449288,-2.5899513
927M,51.449156,-2.5856757
929M,51.456422,-2.5802563
92M,51.454372,-2.5927801
930M,51.455302,-2.595613
624M,51.455247,-2.5974402
625M,51.455311,-2.5973546
626M,51.455428,-2.597313
946M,51.457931,-2.5859607
1614M,51.463827,-2.5899805
62M,51.457936,-2.592193
631M,51.455357,-2.5936132
633M,51.45394,-2.5980707
634M,51.453976,-2.5980856
636M,51.457351,-2.5886016
637M,51.446369,-2.5909785
638M,51.453663,-2.585388
1615M,51.46387,-2.5903409
1324M,51.45756,-2.5792057
639M,51.453663,-2.585388
640M,51.453808,-2.5850588
1418M,51.451111,-2.5832255
1419M,51.45017,-2.6091742
1420M,51.450189,-2.6089586
1422M,51.4553,-2.5888774
942M,51.457969,-2.5963099
944M,51.459031,-2.5816424
945M,51.458212,-2.5835895
1151M,51.450332,-2.5843956
1616M,51.463928,-2.5895212
1617M,51.446729,-2.6136611
1618M,51.449659,-2.615787
1619M,51.448783,-2.6163508
1584M,51.459689,-2.5903301
1585M,51.4596,-2.590257
1626M,51.453515,-2.5843211
1627M,51.453966,-2.5840678
1628M,51.453942,-2.5834774
1629M,51.449034,-2.5849114
1630M,51.448659,-2.5844749
1631M,51.448131,-2.5856769
1632M,51.448576,-2.5867043
1633M,51.447236,-2.5885147
1634M,51.447292,-2.5917243
1635M,51.449604,-2.5913656
1636M,51.450602,-2.5914073
1637M,51.45032,-2.6010454
1638M,51.457401,-2.5930497
1639M,51.457628,-2.5926496
734M,51.455507,-2.5851381
88M,51.458079,-2.6011042
890M,51.455589,-2.5920907
891M,51.456237,-2.5920271
892M,51.456192,-2.5920553
1145M,51.451923,-2.5843727
1146M,51.451434,-2.5834167
1147M,51.452108,-2.5834396
1149M,51.45164,-2.5835344
1150M,51.450488,-2.583678
1152M,51.450378,-2.5841083
1153M,51.450205,-2.5845522
1154M,51.450674,-2.584256
1155M,51.450864,-2.5839706
417M,51.45225,-2.598063
419M,51.454281,-2.5982767
421M,51.453273,-2.6002207
608M,51.44961,-2.597309
60M,51.452252,-2.599459
474M,51.455389,-2.5871515
425M,51.458938,-2.6001511
427M,51.455888,-2.5988158
1657M,51.460774,-2.5928055
1658M,51.460729,-2.5928625
1659M,51.460701,-2.5929053
1660M,51.460674,-2.5929769
1360M,51.45547,-2.5943199
1362M,51.459444,-2.5782796
471M,51.455374,-2.5902888
473M,51.455381,-2.5870075
5412M,51.457243,-2.5922848
475M,51.454257,-2.5851509
478M,51.454206,-2.5864167
479M,51.452539,-2.5818045
47M,51.457515,-2.6042057
480M,51.452335,-2.5812407
481M,51.451989,-2.5802721
483M,51.455582,-2.5827931
484M,51.455609,-2.5826927
485M,51.456745,-2.5784613
37M,51.455132,-2.5917537
380M,51.455472,-2.593917
5413M,51.456893,-2.5921363
381M,51.45539,-2.5941318
398M,51.454848,-2.5946141
399M,51.45491,-2.594802
3M,51.454303,-2.5921316
401M,51.453935,-2.593897
402M,51.451561,-2.59555
404M,51.45156,-2.5958378
405M,51.452663,-2.5963271
5364M,51.459103,-2.5942088
1571M,51.457717,-2.5962202
1573M,51.458029,-2.5949721
832M,51.458214,-2.5903975
833M,51.458251,-2.590326
834M,51.456579,-2.5990407
835M,51.454683,-2.5918055
836M,51.455146,-2.5909048
1225M,51.448559,-2.6077281
1226M,51.448089,-2.6081392
895M,51.457257,-2.5929327
407M,51.448974,-2.5968402
896M,51.447174,-2.6007883
897M,51.449491,-2.597696
898M,51.450397,-2.6000391
89M,51.448314,-2.599393
8M,51.455959,-2.5864392
900M,51.450943,-2.6057019
1133M,51.456644,-2.5826339
1135M,51.460072,-2.6017493
1136M,51.455906,-2.6005
1137M,51.456351,-2.6014269
1138M,51.455542,-2.5818283
1044M,51.462039,-2.6038912
1139M,51.450967,-2.6009532
1141M,51.460911,-2.5975861
1379M,51.450218,-2.6085992
1380M,51.461856,-2.5975697
1381M,51.461816,-2.5982601
1382M,51.462085,-2.6000917
1384M,51.453543,-2.5823498
1385M,51.453437,-2.5819455
1386M,51.453254,-2.582562
1387M,51.453141,-2.5818554
5365M,51.459045,-2.5933013
409M,51.453384,-2.5961493
40M,51.455207,-2.6052834
410M,51.452797,-2.5966166
412M,51.452753,-2.5963282
414M,51.45204,-2.5987654
416M,51.452303,-2.5982796
910M,51.451783,-2.587206
911M,51.451757,-2.5871481
914M,51.456751,-2.5791954
5366M,51.459387,-2.5932769
915M,51.456769,-2.5791093
917M,51.453985,-2.5874933
918M,51.457423,-2.5939711
919M,51.449639,-2.624493
920M,51.44804,-2.624356
921M,51.456209,-2.5869318
1263M,51.449278,-2.6007152
1265M,51.456387,-2.5781834
1266M,51.457691,-2.5764007
5367M,51.459265,-2.5941533
527M,51.454286,-2.5920738
528M,51.455409,-2.5921459
529M,51.457297,-2.5886441
52M,51.454576,-2.5968125
429M,51.456963,-2.5977792
466M,51.45571,-2.589444
467M,51.455729,-2.5893867
468M,51.455667,-2.5891556
486M,51.456782,-2.5782891
487M,51.45681,-2.5781743
5368M,51.459387,-2.5950761
488M,51.456855,-2.578031
489M,51.454621,-2.5915312
506M,51.456037,-2.585332
507M,51.452831,-2.5968905
508M,51.457943,-2.6013615
509M,51.453038,-2.6004191
510M,51.451831,-2.6008926
512M,51.451047,-2.6082504
513M,51.451119,-2.6082082
1043M,51.451438,-2.6072483
1045M,51.454821,-2.5874321
1046M,51.454792,-2.5984848
1047M,51.455283,-2.5939721
1048M,51.446641,-2.5889099
642M,51.454419,-2.5994874
643M,51.454428,-2.5994443
644M,51.454464,-2.5994016
645M,51.454491,-2.5993156
646M,51.449648,-2.5898408
647M,51.452161,-2.5889953
5370M,51.459673,-2.5936549
648M,51.452116,-2.588966
64M,51.44693,-2.5939068
651M,51.455922,-2.5921525
652M,51.455905,-2.5919652
655M,51.456727,-2.5784755
656M,51.456325,-2.5887755
657M,51.456343,-2.588747
658M,51.456362,-2.5886321
1282M,51.449881,-2.6058893
1283M,51.454388,-2.5931257
909M,51.451971,-2.5873667
1285M,51.454128,-2.5930216
1286M,51.449711,-2.5897985
694M,51.452397,-2.6008856
697M,51.456871,-2.5963819
698M,51.450094,-2.6065109
699M,51.451488,-2.5869863
905M,51.456387,-2.6049104
907M,51.455497,-2.6013006
5076M,51.45876,-2.5855108
90M,51.457572,-2.5858122
1222M,51.462323,-2.6045427
1223M,51.449448,-2.5885719
1402M,51.449908,-2.6127683
1469M,51.461092,-2.5921907
1470M,51.451256,-2.5936896
1472M,51.449508,-2.5909039
1320M,51.449196,-2.5832154
5093M,51.459678,-2.5782393
1474M,51.460365,-2.5918214
531M,51.452935,-2.6029507
566M,51.45629,-2.5814205
568M,51.456309,-2.5812624
569M,51.456104,-2.5807848
571M,51.455886,-2.5813721
572M,51.455867,-2.5814727
573M,51.455858,-2.5815445
574M,51.455839,-2.5816306
575M,51.455646,-2.5825205
576M,51.45426,-2.5987945
577M,51.454287,-2.5988668
1163M,51.44979,-2.5866623
5094M,51.459567,-2.5788281
1325M,51.457677,-2.5808912
1326M,51.456415,-2.5779534
1327M,51.456603,-2.5782293
1328M,51.448718,-2.5815689
1329M,51.44823,-2.5821383
1330M,51.4491,-2.5843798
1331M,51.450673,-2.5845007
1333M,51.455841,-2.5919932
1334M,51.455796,-2.592007
1336M,51.455715,-2.5920347
1338M,51.455625,-2.592048
1339M,51.460718,-2.5967631
469M,51.455182,-2.5925603
1289M,51.44821,-2.5897647
1290M,51.452168,-2.5910966
1293M,51.458082,-2.5881216
1294M,51.4581,-2.5880499
1296M,51.456886,-2.5862496
1298M,51.457373,-2.5842264
660M,51.448633,-2.586
1299M,51.456791,-2.5838448
1300M,51.456881,-2.5836732
518M,51.451521,-2.6016225
519M,51.462481,-2.6036955
520M,51.451591,-2.6020695
592M,51.454974,-2.5964291
593M,51.454832,-2.5960243
594M,51.460437,-2.5883534
595M,51.456252,-2.5978851
598M,51.448828,-2.6232875
610M,51.447639,-2.5942758
612M,51.455901,-2.5891299
613M,51.455856,-2.5891437
614M,51.457458,-2.5924747
615M,51.45042,-2.588311
618M,51.45815,-2.604689
619M,51.453422,-2.5974883
61M,51.453982,-2.6004027
620M,51.453739,-2.5970607
621M,51.446962,-2.5947418
622M,51.453873,-2.5936372
659M,51.456371,-2.5886178
65M,51.45582,-2.589172
5095M,51.459441,-2.5788409
661M,51.452822,-2.5862983
662M,51.451103,-2.5884637
664M,51.451022,-2.5884338
665M,51.450986,-2.5884334
683M,51.45407,-2.5920566
684M,51.455238,-2.5922013
523M,51.446678,-2.6009832
524M,51.446808,-2.6019634
5096M,51.459422,-2.578927
525M,51.452415,-2.5973744
1221M,51.458128,-2.5824513
2414M,51.472399,-2.6086929
2415M,51.433741,-2.5530392
2881M,51.462041,-2.5693159
2882M,51.459915,-2.5756227
2883M,51.481669,-2.5545119
2885M,51.406929,-2.571722
2886M,51.466847,-2.5646827
2736M,51.442457,-2.5929711
5102M,51.459147,-2.5764622
2737M,51.471371,-2.5953473
2738M,51.468038,-2.5965275
2739M,51.467833,-2.5979357
3058M,51.496713,-2.6156
3059M,51.467566,-2.5379293
3060M,51.459061,-2.5570157
3061M,51.420475,-2.606435
3062M,51.441157,-2.6081046
3063M,51.480715,-2.6476267
3065M,51.460605,-2.5344792
5485M,51.456633,-2.6077778
5353M,51.462445,-2.5912438
5354M,51.463584,-2.5918487
5358M,51.46345,-2.5899756
5359M,51.46381,-2.5898651
5360M,51.463642,-2.5893303
5363M,51.458996,-2.5940203
123M,51.456166,-2.5828437
1027M,51.45294,-2.5789169
276M,51.452216,-2.588809
2086M,51.489867,-2.5256611
1893M,51.459473,-2.5439082
1894M,51.471234,-2.5517506
1895M,51.477789,-2.5321459
5103M,51.458752,-2.5762126
1790M,51.443755,-2.5798079
1792M,51.454972,-2.6278328
1793M,51.456571,-2.6264011
1794M,51.470155,-2.6384503
5436M,51.457709,-2.5888797
5465M,51.460473,-2.5953925
5511M,51.453136,-2.6023345
3244M,51.470023,-2.5754908
5002M,51.467034,-2.5871139
5016M,51.465758,-2.5740839
5036M,51.46458,-2.570456
5057M,51.463492,-2.5704136
5079M,51.458734,-2.5836537
5101M,51.459977,-2.575897
3185M,51.498649,-2.6939944
3188M,51.489147,-2.5157148
3189M,51.442718,-2.6206864
3190M,51.460146,-2.621988
3193M,51.435322,-2.6078689
2329M,51.454836,-2.6109921
2330M,51.454624,-2.6101402
2331M,51.45434,-2.6145979
5077M,51.459252,-2.5861504
5078M,51.459135,-2.5843209
5082M,51.460167,-2.5828803
5083M,51.460431,-2.5823079
5084M,51.460372,-2.5833291
5085M,51.460853,-2.5823709
5087M,51.459016,-2.5810953
5088M,51.458785,-2.5804878
5089M,51.458755,-2.5794511
5091M,51.461469,-2.5797158
5092M,51.460932,-2.5791188
2307M,51.447109,-2.5760084
2308M,51.444543,-2.5676306
2087M,51.464196,-2.6262752
2088M,51.443276,-2.599845
2090M,51.44189,-2.5602454
2091M,51.528875,-2.6854011
2092M,51.522483,-2.6648812
2094M,51.52479,-2.6608356
3135M,51.474166,-2.530016
3136M,51.459019,-2.5332516
3137M,51.460797,-2.5736906
2353M,51.482716,-2.6434788
2352M,51.460878,-2.6110441
5117M,51.455858,-2.5868553
5132M,51.455759,-2.5852277
5147M,51.458034,-2.5815722
5166M,51.457399,-2.5789302
5183M,51.457533,-2.5754776
5196M,51.458317,-2.5713998
5219M,51.454893,-2.5839069
5240M,51.455027,-2.582196
5258M,51.453073,-2.575551
3139M,51.460598,-2.5740192
3140M,51.440591,-2.6010184
3141M,51.476084,-2.6107722
3142M,51.476479,-2.6109502
1974M,51.410537,-2.5693228
1975M,51.440115,-2.5883943
1976M,51.428361,-2.6011887
2286M,51.492794,-2.6287846
2283M,51.477533,-2.6457529
2333M,51.49876,-2.6638588
2334M,51.456581,-2.6143545
2335M,51.466159,-2.5911047
2770M,51.488009,-2.5893709
2772M,51.488935,-2.5893109
2773M,51.486812,-2.591343
2774M,51.488159,-2.589949
2775M,51.488398,-2.5924005
2755M,51.467968,-2.613543
1778M,51.424652,-2.5861533
1779M,51.467813,-2.6225817
2309M,51.445143,-2.5624148
2310M,51.442486,-2.5616052
2311M,51.44518,-2.5659549
2312M,51.446207,-2.5655504
2313M,51.440999,-2.5602489
2314M,51.504826,-2.7075165
2315M,51.478134,-2.5603727
2316M,51.487029,-2.5466557
2318M,51.452567,-2.5497553
2319M,51.453519,-2.5480973
2887M,51.503587,-2.6043396
2888M,51.504682,-2.604599
2889M,51.440773,-2.604071
2890M,51.443476,-2.616711
2891M,51.440497,-2.6016934
2892M,51.440415,-2.6018793
2893M,51.440839,-2.6016835
2894M,51.473242,-2.5987119
2895M,51.47248,-2.5982844
2896M,51.473247,-2.5976898
2679M,51.440276,-2.6009855
2284M,51.479253,-2.6452444
2285M,51.479088,-2.6475605
2288M,51.45106,-2.5567312
2290M,51.449665,-2.5607867
2291M,51.451005,-2.5625876
2294M,51.449233,-2.5719627
2295M,51.449657,-2.567953
2296M,51.449288,-2.5699343
705M,51.457655,-2.5943339
706M,51.457691,-2.5942193
708M,51.457002,-2.5918211
802M,51.457537,-2.5928643
1780M,51.457001,-2.6266085
2229M,51.433538,-2.5999332
1783M,51.463338,-2.5145313
1784M,51.471618,-2.6171625
1786M,51.451943,-2.6138749
1787M,51.439945,-2.6111818
3034M,51.468295,-2.5379378
3035M,51.479069,-2.6143112
3036M,51.492776,-2.6170882
3037M,51.492849,-2.6151734
1741M,51.480696,-2.6494697
1742M,51.48984,-2.6560091
2230M,51.456549,-2.627178
1744M,51.495406,-2.6590852
1745M,51.494577,-2.6611187
1747M,51.496427,-2.6534819
1076M,51.460861,-2.5896831
1077M,51.460883,-2.5889205
1078M,51.461254,-2.5902064
1079M,51.460402,-2.58985
1080M,51.460227,-2.5817152
1081M,51.460061,-2.5824904
1082M,51.460731,-2.5815201
1083M,51.460683,-2.5823111
1173M,51.463333,-2.5899885
2681M,51.480216,-2.5923376
2682M,51.420511,-2.6319767
2227M,51.437636,-2.5984763
2228M,51.436874,-2.5981786
2232M,51.466775,-2.5666828
2233M,51.523947,-2.6824443
2468M,51.473732,-2.6254987
2469M,51.473326,-2.6256084
2471M,51.471912,-2.6124873
2472M,51.440149,-2.5976747
803M,51.453212,-2.6016735
804M,51.453357,-2.6012868
1307M,51.455168,-2.5845581
1308M,51.447944,-2.5854299
1309M,51.44784,-2.5845508
5414M,51.45724,-2.5909894
1310M,51.447789,-2.5876728
1311M,51.44789,-2.587228
1312M,51.449455,-2.5871905
1797M,51.477425,-2.5695795
1798M,51.480071,-2.5671501
1799M,51.475117,-2.5743743
3038M,51.440565,-2.5738686
3039M,51.459596,-2.550286
3040M,51.459705,-2.5502297
3041M,51.459757,-2.5505758
3042M,51.459725,-2.5498125
5415M,51.45767,-2.5914267
3043M,51.500142,-2.698339
3044M,51.46637,-2.5758479
3045M,51.467026,-2.5759713
3047M,51.478578,-2.5347758
3194M,51.442379,-2.5743374
3068M,51.460559,-2.534709
3069M,51.441232,-2.5660788
3070M,51.493032,-2.6412618
3071M,51.455285,-2.6145674
3073M,51.490726,-2.6663059
3074M,51.439747,-2.571988
3075M,51.500902,-2.5930669
5416M,51.457992,-2.5917763
3076M,51.409367,-2.6276247
3077M,51.442475,-2.6069855
3078M,51.481541,-2.5374601
3079M,51.481454,-2.5369551
3080M,51.48124,-2.5365926
2473M,51.51318,-2.6284601
2474M,51.508979,-2.6169325
2475M,51.464695,-2.5962536
337M,51.454386,-2.5934711
338M,51.454447,-2.5939612
3196M,51.495584,-2.6594335
1801M,51.490982,-2.5567854
1803M,51.488069,-2.5256404
1804M,51.481601,-2.5630073
1807M,51.465782,-2.569233
1808M,51.458043,-2.5723607
1809M,51.459675,-2.5508627
3143M,51.475488,-2.612996
3144M,51.462406,-2.6093659
3145M,51.461905,-2.6088986
3197M,51.506,-2.677796
3199M,51.482605,-2.5328788
3213M,51.446687,-2.5938749
3224M,51.468815,-2.5162197
3225M,51.451165,-2.6062517
3226M,51.419997,-2.6015103
3227M,51.508003,-2.6058389
3228M,51.476227,-2.5587655
3229M,51.458345,-2.5912052
1986M,51.452883,-2.5514285
1987M,51.445201,-2.5654228
1842M,51.4622,-2.5195853
1843M,51.455637,-2.5393002
5408M,51.456525,-2.592002
5409M,51.456598,-2.5917151
5417M,51.458029,-2.5915753
5418M,51.458229,-2.5909878
5420M,51.458434,-2.5896375
5422M,51.458066,-2.5895607
5423M,51.458182,-2.5896198
5424M,51.457895,-2.5896017
5425M,51.457643,-2.589656
5426M,51.457671,-2.5894693
5427M,51.456913,-2.5898194
5430M,51.455941,-2.5899939
5431M,51.455834,-2.5899062
5432M,51.456127,-2.5888161
5433M,51.45667,-2.5881755
5434M,51.457019,-2.588439
5435M,51.457612,-2.5885474
5437M,51.458108,-2.588381
5438M,51.458195,-2.5887996
5439M,51.458386,-2.5884998
2354M,51.44678,-2.624454
2356M,51.457075,-2.6178155
2358M,51.423511,-2.5714544
5139M,51.456509,-2.5844025
2359M,51.423546,-2.5733533
2360M,51.485457,-2.66777
2361M,51.419128,-2.562915
2362M,51.423369,-2.5653258
2363M,51.47261,-2.6198971
2364M,51.471437,-2.617376
2834M,51.438712,-2.602677
3146M,51.456774,-2.5613632
3149M,51.502751,-2.6332726
3150M,51.502792,-2.6322215
5141M,51.458208,-2.5844386
5142M,51.45809,-2.5847394
3152M,51.500931,-2.625511
3153M,51.505612,-2.6313096
3155M,51.460857,-2.6253226
3156M,51.432875,-2.6064842
2297M,51.449308,-2.5713304
2298M,51.448791,-2.5685898
2299M,51.447615,-2.5755687
2300M,51.447681,-2.5786633
1988M,51.444897,-2.5668723
1989M,51.443719,-2.5725268
1990M,51.444232,-2.5705188
1991M,51.442791,-2.5728174
1992M,51.446827,-2.576825
1993M,51.447976,-2.5771561
1995M,51.45609,-2.6288988
1996M,51.467581,-2.632224
1997M,51.451439,-2.6242297
1998M,51.445369,-2.6159739
2302M,51.449703,-2.5734364
2303M,51.449059,-2.5725505
2304M,51.450869,-2.5683566
2305M,51.447473,-2.5734516
2306M,51.446662,-2.5736429
5124M,51.458067,-2.5874162
5125M,51.458221,-2.5872742
5126M,51.457926,-2.5851259
5127M,51.457764,-2.5850806
5128M,51.457792,-2.5848651
5129M,51.456541,-2.5852233
5130M,51.456138,-2.5848583
5133M,51.455896,-2.5846681
5134M,51.455764,-2.5841052
5135M,51.456267,-2.5842267
5136M,51.455839,-2.5834872
5137M,51.455858,-2.5834155
5138M,51.456386,-2.5838108
5143M,51.458495,-2.5846006
5144M,51.45684,-2.583025
5145M,51.456213,-2.5824845
5146M,51.458404,-2.581289
5148M,51.456857,-2.5813989
5150M,51.455915,-2.580912
5154M,51.457161,-2.5798627
5155M,51.457318,-2.5807715
5158M,51.458455,-2.5801094
2569M,51.485373,-2.5450517
2570M,51.484596,-2.5478219
2571M,51.485731,-2.5414987
2835M,51.42021,-2.6125867
2683M,51.420694,-2.6315047
2684M,51.420699,-2.630498
2685M,51.463204,-2.6183445
2687M,51.420973,-2.629754
5175M,51.457338,-2.5768856
2688M,51.421289,-2.6294276
2689M,51.421471,-2.6290561
2690M,51.469618,-2.5433954
2691M,51.46627,-2.5344591
2692M,51.468489,-2.5208085
2693M,51.470786,-2.5589869
2152M,51.445287,-2.560546
2153M,51.446738,-2.5579736
2533M,51.476903,-2.6376806
2534M,51.47678,-2.635519
2535M,51.469722,-2.6354497
2536M,51.469299,-2.635487
2537M,51.454392,-2.6184125
5176M,51.457151,-2.5764947
2538M,51.453839,-2.6176422
2540M,51.454679,-2.618661
2541M,51.453635,-2.6169919
2542M,51.454319,-2.6203832
1700M,51.460629,-2.5876218
1702M,51.457437,-2.5766854
1703M,51.448895,-2.6035018
1704M,51.447143,-2.5998525
5177M,51.45776,-2.5768334
5178M,51.457968,-2.5766633
5179M,51.458093,-2.5767512
1705M,51.447005,-2.6003544
1706M,51.451419,-2.5970304
1708M,51.452547,-2.5800489
1710M,51.451177,-2.5789234
3081M,51.476545,-2.628993
5407M,51.456196,-2.5930052
5159M,51.458528,-2.5797217
5160M,51.458542,-2.5787288
5161M,51.458262,-2.5789843
5162M,51.45814,-2.5782919
5163M,51.458065,-2.5787947
5165M,51.457654,-2.5783433
5167M,51.457329,-2.5786702
5169M,51.456961,-2.5784065
5170M,51.456508,-2.5791924
5171M,51.456395,-2.5784425
5172M,51.456394,-2.5768593
5174M,51.457024,-2.5766946
5181M,51.458271,-2.5771421
5182M,51.457675,-2.5758536
5184M,51.457416,-2.5755481
5185M,51.457334,-2.5757198
5186M,51.457427,-2.575174
5187M,51.456834,-2.575109
5188M,51.458222,-2.574378
5189M,51.457329,-2.5731434
5190M,51.457813,-2.5734517
5191M,51.458054,-2.5738577
5192M,51.458074,-2.5734118
5193M,51.458319,-2.5729687
2154M,51.443889,-2.5888601
2155M,51.504842,-2.6537176
3259M,51.457949,-2.6054348
3260M,51.4615,-2.6193578
3261M,51.45339,-2.6123257
3264M,51.458835,-2.5974007
3271M,51.481465,-2.5557046
5454M,51.460055,-2.5998635
3247M,51.468266,-2.5742594
5105M,51.458886,-2.5746454
5152M,51.456369,-2.5799678
5204M,51.456112,-2.5683066
5259M,51.453137,-2.575264
5299M,51.473305,-2.5790308
5322M,51.468915,-2.5777083
5333M,51.462757,-2.6058727
5482M,51.456292,-2.6092701
5352M,51.463048,-2.5929357
5371M,51.460084,-2.5941064
1313M,51.449088,-2.5866821
1314M,51.458266,-2.5837053
1350M,51.456523,-2.599443
1351M,51.456116,-2.599855
1661M,51.460638,-2.5930197
1662M,51.460593,-2.5930623
1663M,51.460308,-2.5925116
1664M,51.460326,-2.592483
1748M,51.497964,-2.6502194
1749M,51.507212,-2.6526565
1711M,51.452657,-2.5796905
3048M,51.438715,-2.6021159
3049M,51.40868,-2.5990613
5297M,51.473885,-2.5781167
5300M,51.474218,-2.5779913
5301M,51.474425,-2.5779651
5302M,51.474798,-2.5772355
5304M,51.473485,-2.5735187
5305M,51.473912,-2.5689022
5309M,51.472268,-2.5813789
5310M,51.472903,-2.5803503
5311M,51.471869,-2.5785519
5312M,65.594956,-2.8714523
5321M,51.469333,-2.578635
5317M,51.469644,-2.5810432
5318M,51.469859,-2.5794767
5323M,51.467886,-2.5765868
5324M,51.46948,-2.5761462
5326M,51.466754,-2.5926671
5327M,51.46624,-2.5912496
5328M,51.467172,-2.5899661
5329M,51.465672,-2.5897164
5330M,51.467189,-2.5883395
5331M,51.461352,-2.6080852
5332M,51.464003,-2.6083364
5337M,51.461705,-2.6041315
5440M,51.458547,-2.588689
5194M,51.458653,-2.5726994
5195M,51.458343,-2.5717743
5197M,51.456467,-2.5709737
5201M,51.457468,-2.5686113
5202M,51.45841,-2.5689973
5203M,51.457864,-2.5685155
5205M,51.454676,-2.5858903
5206M,51.454588,-2.5855437
5207M,51.45456,-2.5857592
5208M,51.454256,-2.5853668
5209M,51.454094,-2.5855086
5210M,51.454115,-2.5848325
5212M,51.452997,-2.5837244
5213M,51.453598,-2.5840055
5214M,51.453695,-2.584237
5215M,51.453664,-2.5832868
5216M,51.454127,-2.5842282
5217M,51.454237,-2.5837834
5218M,51.454588,-2.5836872
5220M,51.454773,-2.5827684
5224M,51.453883,-2.5861967
5225M,51.454044,-2.5864435
5226M,51.454288,-2.5862019
5227M,51.454665,-2.5863651
5228M,51.455377,-2.5877271
5229M,51.455374,-2.5866044
5232M,51.455367,-2.5862157
5234M,51.454641,-2.5803921
5235M,51.455624,-2.5851252
2756M,51.468202,-2.6134741
3114M,51.428436,-2.6127399
2519M,51.49412,-2.6543132
2520M,51.493445,-2.6545484
2521M,51.494827,-2.6353667
2522M,51.494697,-2.6244605
2523M,51.492394,-2.6574141
5009M,51.46597,-2.5803631
2524M,51.490127,-2.6447787
2525M,51.491123,-2.6269611
2526M,51.490148,-2.6242543
2527M,51.487679,-2.6319259
2528M,51.492895,-2.6234276
2530M,51.48671,-2.6316245
1750M,51.497657,-2.6504743
1812M,51.46043,-2.5431135
1814M,51.452905,-2.5468235
1817M,51.452958,-2.5353109
5010M,51.465536,-2.5808182
5011M,51.466338,-2.5769128
1818M,51.453075,-2.5469407
1819M,51.434671,-2.5466776
1820M,51.429274,-2.5392341
1822M,51.469642,-2.5183166
5339M,51.461436,-2.5988309
5340M,51.461599,-2.5986027
3231M,51.530836,-2.6697603
3232M,51.530177,-2.6669251
3233M,51.518929,-2.6871542
5000M,51.466516,-2.5899144
5001M,51.465029,-2.5906582
5003M,51.466791,-2.5870964
5005M,51.466208,-2.5868442
5006M,51.466216,-2.5852607
5007M,51.467292,-2.5839501
5008M,51.466684,-2.5833233
5012M,51.466111,-2.5755135
5013M,51.466826,-2.57463
5014M,51.465209,-2.574293
5015M,51.465304,-2.5732577
5017M,51.46574,-2.5741413
5019M,51.466042,-2.5731806
5020M,51.466424,-2.5739627
5021M,51.466363,-2.573746
5022M,51.467002,-2.5735525
5023M,51.467017,-2.5740422
2572M,51.485624,-2.5432833
2573M,51.483843,-2.5454079
2575M,51.483614,-2.5462548
2577M,51.506527,-2.6299534
2578M,51.481871,-2.5282476
2579M,51.485152,-2.5325484
2580M,51.484799,-2.5329476
2020M,51.453488,-2.6260998
1243M,51.460776,-2.5977571
2531M,51.482184,-2.6254992
2532M,51.482272,-2.6326
1957M,51.451941,-2.6210705
863M,51.455559,-2.5873264
864M,51.45556,-2.5872688
866M,51.456606,-2.6008546
686M,51.455973,-2.5961543
687M,51.455732,-2.5797726
688M,51.453249,-2.587268
689M,51.449544,-2.590818
68M,51.456068,-2.5880094
690M,51.450273,-2.5888991
1823M,51.4883,-2.6167253
3019M,51.464212,-2.6216978
3157M,51.502986,-2.6178024
3168M,51.467775,-2.5952572
3169M,51.434733,-2.5486204
3171M,51.466091,-2.590384
1306M,51.456771,-2.5877881
3174M,51.500525,-2.7019465
3175M,51.498952,-2.6974853
2776M,51.485231,-2.5892631
2777M,51.484236,-2.5939739
2778M,51.485185,-2.5929349
2779M,51.442573,-2.6141521
2780M,51.442272,-2.6148243
2781M,51.489715,-2.6856777
2783M,51.432725,-2.6110998
2785M,51.433333,-2.6099571
2565M,51.462893,-2.6038737
2543M,51.419549,-2.5743243
2544M,51.462047,-2.6162417
2545M,51.502939,-2.7072711
2548M,51.464533,-2.5963091
3002M,51.536537,-2.6664846
3003M,51.439534,-2.5449804
3005M,51.439198,-2.545667
3006M,51.439019,-2.545521
3007M,51.43872,-2.545949
778M,51.454552,-2.5962078
1824M,51.499136,-2.6496598
77M,51.44612,-2.590486
780M,51.448234,-2.5939669
1871M,51.506145,-2.65048
1872M,51.483658,-2.6835707
1873M,51.503333,-2.7015863
1875M,51.478183,-2.534584
1876M,51.501897,-2.6381735
1877M,51.499638,-2.6451434
1878M,51.492405,-2.5822977
1880M,51.506891,-2.6457358
1881M,51.479781,-2.6207287
3176M,51.499329,-2.6960504
1826M,51.494408,-2.6380689
3177M,51.500705,-2.7020501
3178M,51.500391,-2.6973344
3179M,51.500373,-2.6972909
2562M,51.46275,-2.5372249
2563M,51.462898,-2.5441504
1999M,51.443849,-2.614198
2000M,51.442588,-2.6008432
2002M,51.442783,-2.5943278
2003M,51.442074,-2.5923043
2005M,51.471389,-2.643017
2567M,51.483106,-2.5394083
1713M,51.453375,-2.5780877
1714M,51.453361,-2.5773824
1715M,51.453415,-2.5772679
1716M,51.450114,-2.6059355
1717M,51.453303,-2.6030995
1719M,51.453392,-2.6032445
1721M,51.447199,-2.5921979
2757M,51.467956,-2.6123623
2758M,51.465025,-2.5842522
2759M,51.465486,-2.5854385
5381M,51.459049,-2.5924377
2760M,51.464423,-2.58233
2761M,51.464378,-2.5822718
2762M,51.50067,-2.6957827
2764M,51.426043,-2.6147071
2766M,51.451789,-2.6125201
2767M,51.432142,-2.5642402
1844M,51.468766,-2.5391527
1882M,51.494148,-2.6159976
1883M,51.506431,-2.6310327
1885M,51.457142,-2.6271429
1886M,51.426403,-2.5533821
3115M,51.427013,-2.6132386
3116M,51.426867,-2.6135387
3117M,51.440066,-2.5522812
3118M,51.439461,-2.551051
3119M,51.471027,-2.5832923
2006M,51.508369,-2.7045455
2007M,51.510322,-2.7057284
2008M,51.483659,-2.6834267
2009M,51.481599,-2.6834679
2010M,51.481,-2.6767627
1752M,51.504581,-2.6455878
1754M,51.481031,-2.6342245
1827M,51.489415,-2.6433715
1755M,51.502585,-2.6373619
1758M,51.499888,-2.6437639
1723M,51.454935,-2.5898802
5341M,51.461822,-2.5988071
5343M,51.46372,-2.5987024
5344M,51.46399,-2.596849
5345M,51.463102,-2.59642
5347M,51.464151,-2.5952389
5348M,51.462147,-2.5933271
5369M,51.459513,-2.594905
5470M,51.457069,-2.6206076
5472M,51.45571,-2.6208338
5480M,51.455592,-2.6091888
5481M,51.455861,-2.6092212
5483M,51.457706,-2.6089291
3050M,51.443016,-2.5926762
1828M,51.490692,-2.5419464
5382M,51.458746,-2.5919012
3051M,51.495379,-2.6162159
3053M,51.489818,-2.6237169
3055M,51.458783,-2.6161545
1244M,51.460975,-2.5974142
1245M,51.461716,-2.596733
1246M,51.461616,-2.59689
1248M,51.461417,-2.5971753
1303M,51.456296,-2.5874366
1304M,51.456415,-2.5869488
1305M,51.456243,-2.5871769
5074M,51.458627,-2.5870923
1829M,51.475359,-2.5365523
3123M,51.456175,-2.5435523
3125M,51.481737,-2.5554055
3126M,51.442093,-2.6008654
3138M,51.460663,-2.573473
5389M,51.458604,-2.589726
5421M,51.458099,-2.5900937
1958M,51.438293,-2.5769621
1959M,51.44269,-2.6208874
1960M,51.468378,-2.5753549
1961M,51.46506,-2.5789408
1962M,51.481455,-2.5289052
5075M,51.458617,-2.5872937
1964M,51.493321,-2.6244273
1760M,51.498421,-2.6489294
1763M,51.501021,-2.6338393
3020M,51.464212,-2.6216978
3021M,51.466062,-2.6118619
3023M,51.463479,-2.6241637
3026M,51.46297,-2.6236242
2021M,51.45788,-2.6303627
3056M,51.497134,-2.6158218
5024M,51.467311,-2.5728654
5025M,51.466676,-2.5720657
5026M,51.466531,-2.5724237
5027M,51.465856,-2.5725161
5028M,51.465901,-2.572531
5029M,51.466579,-2.5790464
5035M,51.467311,-2.5710659
5037M,51.466241,-2.5691379
5038M,51.466332,-2.5690239
5042M,51.461667,-2.5869298
5043M,51.462387,-2.5866224
5044M,51.463997,-2.5829723
5045M,51.464099,-2.5805841
5047M,51.462126,-2.5795514
5048M,51.462053,-2.5798096
5049M,51.46198,-2.5798662
5050M,51.461673,-2.5802366
5051M,51.463815,-2.5761036
5054M,51.463761,-2.5742892
5056M,51.463526,-2.5726596
5059M,51.462292,-2.5694918
5060M,51.462798,-2.5690375
5068M,51.460682,-2.587824
5069M,51.460379,-2.5872012
5070M,51.459083,-2.5874868
5072M,51.458739,-2.5880149
5073M,51.458821,-2.5877281
3008M,51.440745,-2.5474407
1830M,51.488551,-2.5324728
1831M,51.492703,-2.5228274
1832M,51.441216,-2.6224357
1833M,51.48609,-2.535771
1835M,51.480757,-2.5514767
1836M,51.474681,-2.577234
1839M,51.480261,-2.5264146
1840M,51.47998,-2.5348786
1841M,51.450064,-2.5657131
1965M,51.477587,-2.6259259
1966M,51.492121,-2.6659805
1967M,51.445447,-2.5627639
1969M,51.464166,-2.59236
1970M,51.483898,-2.5293368
1971M,51.479838,-2.5557856
1972M,51.453201,-2.6192887
1973M,51.481097,-2.564974
781M,51.448044,-2.6201542
782M,51.451595,-2.5871028
783M,51.447838,-2.5904075
784M,51.449451,-2.5915363
2023M,51.44172,-2.6258237
3028M,51.466149,-2.6208604
3029M,51.45566,-2.540164
3031M,51.489906,-2.6601869
3032M,51.470698,-2.6126294
3180M,51.499589,-2.6961408
3181M,51.499461,-2.6949
3183M,51.502598,-2.7011428
3184M,51.49819,-2.6970415
2022M,51.447114,-2.6258975
5380M,51.459093,-2.5926254
2024M,51.468223,-2.5884536
2025M,51.468312,-2.5991657
2026M,51.464546,-2.6110499
2027M,51.441121,-2.5921337
2028M,51.432953,-2.6086574
2029M,51.478702,-2.5767232
2030M,51.49434,-2.5691278
2031M,51.477827,-2.5297416
2032M,51.458325,-2.5643328
2033M,51.446872,-2.5446793
2034M,51.433191,-2.555363
2035M,51.467255,-2.5659546
2037M,51.504334,-2.6843124
1726M,51.455527,-2.5902476
5374M,51.460837,-2.5945768
5375M,51.460819,-2.5926622
5376M,51.461217,-2.5921923
5378M,51.459463,-2.5925006
5379M,51.459298,-2.5912895
5383M,51.458918,-2.5916444
5384M,51.45946,-2.5913059
5386M,51.46116,-2.5910113
5387M,51.460192,-2.5904662
5388M,51.459679,-2.5905459
5391M,51.458791,-2.5883467
5393M,51.457484,-2.5943173
5394M,51.457901,-2.5937038
5395M,51.458068,-2.594512
5398M,51.457805,-2.5930981
5399M,51.457517,-2.5931807
5400M,51.457519,-2.5927489
5401M,51.457457,-2.5926762
5403M,51.456996,-2.5929724
5404M,51.456809,-2.5927109
5405M,51.45682,-2.5923657
5406M,51.456576,-2.5925208
3066M,51.460595,-2.5345511
3067M,51.460577,-2.5346372
5120M,51.45709,-2.5867991
5121M,51.457572,-2.5876977
5122M,51.457747,-2.586822
5123M,51.457817,-2.5870819
785M,51.448349,-2.5923855
1576M,51.447348,-2.5983731
1577M,51.447572,-2.5984767
1579M,51.447572,-2.5985343
702M,51.457762,-2.5927665
703M,51.457301,-2.5932211
1887M,51.434543,-2.5878911
1888M,51.476607,-2.6424281
1889M,51.508433,-2.5921561
1890M,51.472164,-2.6492765
1892M,51.491475,-2.6906014
2078M,51.406648,-2.6266386
2079M,51.503256,-2.6478455
2983M,51.441473,-2.577477
2080M,51.443638,-2.5940943
2081M,51.417497,-2.6154265
2082M,51.424914,-2.6276076
2083M,51.41507,-2.6031137
2408M,51.448272,-2.5661227
2409M,51.449135,-2.5644785
2410M,51.449859,-2.5634081
2413M,51.476194,-2.6104568
1728M,51.482082,-2.621048
1729M,51.414664,-2.6069045
1730M,51.415587,-2.6179029
1731M,51.426481,-2.6169855
1733M,51.422153,-2.5841366
1734M,51.418522,-2.590993
1735M,51.507095,-2.7113843
1736M,51.489912,-2.678119
1737M,51.486436,-2.6696422
1740M,51.498206,-2.6663717
2204M,51.425846,-2.5454935
2205M,51.45368,-2.5727379
2206M,51.424728,-2.6083323
2802M,51.453329,-2.6154766
2209M,51.440122,-2.6202483
2211M,51.480488,-2.5277853
2212M,51.431936,-2.6139807
2213M,51.43448,-2.6123748
2214M,51.438115,-2.6204801
2215M,51.439042,-2.6221903
2216M,51.441216,-2.6224357
2978M,51.479052,-2.5332549
2979M,51.432593,-2.5656411
2980M,51.45951,-2.5553371
2981M,51.467002,-2.5680533
2982M,51.462008,-2.5244484
2075M,51.490706,-2.6619269
2805M,51.506094,-2.7177948
2652M,51.434482,-2.5637511
2654M,51.48238,-2.5506323
2655M,51.485743,-2.5270826
2656M,51.485754,-2.5500249
2657M,51.48585,-2.5467568
231M,51.451989,-2.5945481
233M,51.458489,-2.5894511
2073M,51.442613,-2.5922537
2074M,51.430323,-2.6008261
2985M,51.433917,-2.6117487
2986M,51.480383,-2.6123992
1110M,51.457686,-2.5971122
1111M,51.455778,-2.5956049
1112M,51.450246,-2.6048292
1114M,51.451162,-2.5909109
1115M,51.450084,-2.5907818
1116M,51.449977,-2.5905214
1117M,51.450983,-2.5908078
805M,51.454434,-2.6016752
806M,51.454163,-2.5985342
808M,51.456362,-2.5974259
809M,51.456434,-2.5974125
2448M,51.432696,-2.545906
80M,51.458594,-2.5900137
810M,51.456255,-2.597367
2108M,51.415384,-2.618878
2109M,51.415684,-2.6182781
2110M,51.445153,-2.5986034
2898M,51.478792,-2.5390262
2899M,51.490832,-2.6139364
2900M,51.490111,-2.6142724
2901M,51.486874,-2.6141569
2902M,51.489691,-2.6170898
2464M,51.475268,-2.6240799
2903M,51.451033,-2.6211014
2905M,51.484344,-2.5362258
2658M,51.489203,-2.529499
2659M,51.440187,-2.6008548
2114M,51.445433,-2.5675984
2115M,51.443347,-2.5731841
2116M,51.50096,-2.6983804
2117M,51.44755,-2.5381256
2118M,51.482434,-2.5230555
2119M,51.448129,-2.5752873
2443M,51.43419,-2.5474918
2445M,51.434188,-2.5478802
2987M,51.459955,-2.5466055
2989M,51.481968,-2.5873345
2990M,51.4338,-2.5502348
3128M,51.475933,-2.5505258
3129M,51.473711,-2.5487569
3130M,51.479174,-2.6400018
2880M,51.461854,-2.570897
2662M,51.441049,-2.5993122
1945M,51.474201,-2.6218048
811M,51.455775,-2.5944966
812M,51.456137,-2.5956959
813M,51.456146,-2.5957536
814M,51.456151,-2.5947893
815M,51.455833,-2.5935762
816M,51.455958,-2.5937938
819M,51.45856,-2.5913663
1204M,51.455509,-2.595515
1205M,51.455306,-2.5982757
1207M,51.454071,-2.5952804
1946M,51.440923,-2.5868508
2918M,51.473008,-2.5969523
2920M,51.45443,-2.5628168
2921M,51.454466,-2.5626445
2922M,51.454404,-2.562615
2744M,51.477854,-2.6075703
2745M,51.456051,-2.5314612
2746M,51.49003,-2.5951583
2747M,51.463039,-2.5525586
2748M,51.486766,-2.543124
2749M,51.461571,-2.5195781
2750M,51.530535,-2.6782181
2446M,51.434373,-2.5487743
2450M,51.434792,-2.5495418
2451M,51.444723,-2.5349988
2926M,51.463602,-2.5971318
2927M,51.46371,-2.5970613
2930M,51.464169,-2.5987947
3000M,51.457419,-2.560047
2664M,51.441021,-2.599427
2463M,51.439817,-2.611511
2666M,51.440985,-2.5995704
2669M,51.439102,-2.6020491
2670M,51.440874,-2.603655
2672M,51.414638,-2.613605
2673M,51.449915,-2.5282959
2454M,51.437708,-2.5584678
2456M,51.481773,-2.5301474
1208M,51.453825,-2.5923701
1209M,51.455562,-2.5921911
1210M,51.455577,-2.5890969
1212M,51.456199,-2.5960565
1214M,51.448807,-2.5853402
1215M,51.451116,-2.5999334
1216M,51.458887,-2.59245
1217M,51.453307,-2.5970119
867M,51.448962,-2.5975164
931M,51.45523,-2.5919421
2753M,51.473315,-2.5878425
2754M,51.462988,-2.514297
2234M,51.412933,-2.6283062
2235M,51.456471,-2.5533428
5252M,51.455172,-2.5803124
2236M,51.415614,-2.6178745
2797M,51.507154,-2.6303511
2798M,51.434559,-2.5847265
2799M,51.469671,-2.5512566
2800M,51.453747,-2.6128917
2801M,51.452949,-2.6141475
2581M,51.484703,-2.5323416
3001M,51.45815,-2.5594802
1938M,51.440716,-2.5668206
1940M,51.488781,-2.5273769
1941M,51.454721,-2.6224899
1942M,51.45821,-2.617471
1943M,51.459529,-2.6180357
1944M,51.45346,-2.621235
1947M,51.47304,-2.5870758
1949M,51.467758,-2.5985394
1950M,51.452405,-2.6201414
1951M,51.459381,-2.6221647
2806M,51.458001,-2.5336716
2457M,51.444451,-2.5933423
2458M,51.444658,-2.5879203
2459M,51.466765,-2.5779403
2460M,51.445199,-2.5913375
2461M,51.445134,-2.5915957
2462M,51.440361,-2.6105831
308M,51.450523,-2.594673
2465M,51.474637,-2.6293987
2466M,51.477715,-2.6287931
932M,51.455093,-2.5923289
935M,51.462428,-2.6035077
937M,51.454655,-2.5846955
938M,51.454647,-2.5862785
939M,51.455462,-2.5852815
940M,51.455761,-2.5883077
959M,51.454769,-2.5959947
960M,51.453595,-2.597102
961M,51.452614,-2.5971899
962M,51.452064,-2.5974561
2582M,51.48249,-2.5345767
2583M,51.482115,-2.5360124
2585M,51.482642,-2.542499
2586M,51.482147,-2.5425651
2587M,51.48637,-2.533542
2589M,51.482281,-2.5390385
2111M,51.450264,-2.6203282
2112M,51.477479,-2.5231572
2113M,51.4552,-2.568943
2597M,51.490673,-2.5204852
107M,51.455771,-2.5934603
2365M,51.476428,-2.6120007
2807M,51.416397,-2.537587
2808M,51.416092,-2.5353114
2809M,51.489036,-2.6772274
2810M,51.489163,-2.6769989
2811M,51.489456,-2.6760238
2812M,51.48936,-2.6756191
2814M,51.489271,-2.6738606
2815M,51.489362,-2.6735739
2816M,51.461673,-2.5367948
2817M,51.462013,-2.535129
2953M,51.460761,-2.6093152
2954M,51.460393,-2.6091952
2955M,51.434285,-2.5615621
2726M,51.493904,-2.6196242
963M,51.451462,-2.5974771
964M,51.449077,-2.5977625
966M,51.449069,-2.5959492
967M,51.45353,-2.5922079
968M,51.453305,-2.5922194
969M,51.452684,-2.5923121
970M,51.450247,-2.5923525
1068M,51.45884,-2.5892829
1069M,51.458879,-2.5922628
1070M,51.459113,-2.5922083
1071M,51.460086,-2.5918754
1072M,51.45999,-2.5913416
2367M,51.475856,-2.6131593
2368M,51.475803,-2.6111572
2369M,51.491022,-2.6695222
2370M,51.469536,-2.5793286
2372M,51.51005,-2.6185176
2373M,51.494123,-2.6822148
2374M,51.434727,-2.5869872
2376M,51.507711,-2.6066275
2923M,51.456534,-2.5682831
2924M,51.481748,-2.6313399
2694M,51.469939,-2.5575081
2598M,51.490585,-2.5200521
2120M,51.450222,-2.562765
2121M,51.451924,-2.5352557
2122M,51.453091,-2.5356723
2123M,51.455897,-2.5413901
2124M,51.456532,-2.5402462
2125M,51.455367,-2.5395129
2127M,51.462502,-2.5706892
2128M,51.453333,-2.570143
2129M,51.452142,-2.5542259
2130M,51.451838,-2.5594749
2131M,51.480858,-2.529532
2132M,51.450305,-2.56409
2383M,51.474479,-2.5780522
2821M,51.488097,-2.6747507
2822M,51.409795,-2.6181986
2824M,51.466029,-2.572
2826M,51.466615,-2.5754479
2827M,51.465762,-2.5751925
2675M,51.478868,-2.5610297
2676M,51.472945,-2.5587973
2133M,51.451464,-2.5529512
2606M,51.455652,-2.5361628
2134M,51.454172,-2.5715639
2136M,51.453718,-2.5759477
2137M,51.454015,-2.5759514
1073M,51.459781,-2.5917563
1074M,51.461034,-2.5929384
1075M,51.459593,-2.5934235
1220M,51.457992,-2.5844934
33M,51.451874,-2.5960433
1671M,51.452229,-2.589687
2696M,51.451573,-2.5565359
2697M,51.451193,-2.5571357
5253M,51.455423,-2.5803732
2699M,51.450713,-2.5764135
2701M,51.451555,-2.5751577
2702M,51.45121,-2.5740453
2705M,51.45261,-2.5709975
2237M,51.434834,-2.5463199
2239M,51.451971,-2.5541518
2384M,51.474682,-2.5768885
2385M,51.474408,-2.5778497
2931M,51.465208,-2.5961595
2932M,51.465163,-2.596087
2933M,51.450452,-2.6170497
2934M,51.464269,-2.5986952
2342M,51.468726,-2.5665487
2935M,51.464495,-2.5984535
2936M,51.464806,-2.5991485
2939M,51.459508,-2.61674
2710M,51.480541,-2.5848826
135M,51.45377,-2.5980109
119M,51.455628,-2.5825922
2842M,51.443416,-2.5953289
5254M,51.455619,-2.5789796
11M,51.451859,-2.5936686
2828M,51.466545,-2.5749432
2829M,51.467307,-2.5755718
2830M,51.43129,-2.582153
1673M,51.452938,-2.6110675
2836M,51.422018,-2.6072177
2837M,51.477146,-2.5895908
2838M,51.472854,-2.5456511
2841M,51.489542,-2.6766876
2843M,51.453335,-2.6176354
2844M,51.506558,-2.6309768
2845M,51.506745,-2.6311523
2240M,51.453488,-2.6260998
2241M,51.490206,-2.6785411
2242M,51.486045,-2.5918659
2243M,51.481307,-2.5549395
2244M,51.494099,-2.616746
2245M,51.453649,-2.6144735
2246M,51.413241,-2.5679185
2247M,51.450493,-2.6178273
5255M,51.455585,-2.5785186
2249M,51.453486,-2.6146296
2484M,51.513227,-2.5952445
2590M,51.480628,-2.5559104
2711M,51.480285,-2.5840153
2712M,51.49279,-2.6810425
1952M,51.458487,-2.6126386
1953M,51.427256,-2.5536513
1954M,51.455491,-2.6163548
1955M,51.456742,-2.6092905
1956M,51.453833,-2.6171097
2343M,51.468876,-2.565298
2253M,51.492847,-2.6034197
2255M,51.469686,-2.5835775
2727M,51.494404,-2.6186947
2728M,51.442298,-2.5959762
2729M,51.442948,-2.5937544
2730M,51.444044,-2.5939413
2731M,51.44418,-2.5936985
2733M,51.444288,-2.593556
2735M,51.44221,-2.5973419
1515M,51.454032,-2.5995399
5256M,51.455213,-2.579176
120M,51.45983,-2.5836821
2622M,51.44777,-2.5752253
2846M,51.506647,-2.6311366
2847M,51.506539,-2.6311063
2848M,51.505387,-2.6280214
2156M,51.414966,-2.5828946
2157M,51.500162,-2.7010045
2158M,51.513693,-2.6706328
2159M,51.511831,-2.665951
2160M,51.511328,-2.681564
2162M,51.499894,-2.6653735
2947M,51.457838,-2.5455727
2164M,51.535052,-2.6698222
2166M,51.532824,-2.6710437
2168M,51.53633,-2.6774824
2591M,51.485065,-2.5627188
2593M,51.47131,-2.6141061
2595M,51.475482,-2.5411613
2596M,51.491422,-2.5198311
2040M,51.523265,-2.675948
2041M,51.522374,-2.6744934
2043M,51.52682,-2.683208
2044M,51.50803,-2.6670771
2045M,51.463761,-2.55179
2046M,51.535261,-2.6583489
5257M,51.454079,-2.575722
2047M,51.493223,-2.6088982
2256M,51.529487,-2.6696828
2257M,51.528499,-2.6726667
2259M,51.5288,-2.6624938
2599M,51.491267,-2.5203479
2600M,51.490679,-2.5211478
2601M,51.476231,-2.5247843
2602M,51.428092,-2.555445
2603M,51.491659,-2.5211878
2605M,51.45611,-2.5243376
2138M,51.452594,-2.5743073
2139M,51.451779,-2.5736639
2140M,51.453307,-2.5756115
2141M,51.453628,-2.576148
2142M,51.503026,-2.6488075
2143M,51.504692,-2.6499406
2144M,51.453253,-2.5297017
2145M,51.452226,-2.5667329
2467M,51.473349,-2.6297121
2941M,51.455992,-2.6100001
2942M,51.469252,-2.6139921
2944M,51.45841,-2.6083196
5294M,51.473666,-2.5806048
2169M,51.532671,-2.6804556
2416M,51.434045,-2.5534601
2476M,51.465704,-2.5957917
2477M,51.510218,-2.6034043
2478M,51.509856,-2.6022611
2479M,51.508007,-2.6050897
2480M,51.504069,-2.6154398
2481M,51.503573,-2.615606
2482M,51.502807,-2.6158839
2483M,51.501352,-2.5964439
2608M,51.453679,-2.534902
2377M,51.426024,-2.5555494
2378M,51.406619,-2.5742485
2379M,51.403306,-2.5842845
2380M,51.404964,-2.5708206
2381M,51.473668,-2.5560562
2850M,51.481818,-2.616537
2851M,51.479942,-2.5677821
2853M,51.437203,-2.6022831
2854M,51.439062,-2.6009551
2855M,51.438513,-2.5993798
2856M,51.439324,-2.6007572
2607M,51.45435,-2.5357158
2609M,51.454072,-2.5375115
2610M,51.454495,-2.5373438
2612M,51.456394,-2.5311485
2386M,51.474414,-2.5784401
2387M,51.439402,-2.6031465
2389M,51.493352,-2.6740648
2390M,51.493307,-2.6756198
2391M,51.493407,-2.6770617
2392M,51.493437,-2.6780417
2831M,51.499144,-2.6028402
2832M,51.498262,-2.6028718
5295M,51.474276,-2.5808141
2614M,51.446051,-2.5790456
2615M,51.447266,-2.5751758
2616M,51.44812,-2.5771291
2617M,51.448222,-2.5765548
2619M,51.447904,-2.5770833
2620M,51.448574,-2.5762283
2621M,51.446443,-2.5761871
2146M,51.44487,-2.5631453
2147M,51.452404,-2.5763197
2148M,51.445411,-2.5775267
2957M,51.432738,-2.6103807
2958M,51.433567,-2.6083059
2959M,51.433039,-2.6094065
2960M,51.461074,-2.5301521
2961M,51.459042,-2.5572601
2039M,51.498384,-2.7036712
2337M,51.445337,-2.5925192
2338M,51.472322,-2.6063738
2340M,51.535836,-2.6865871
2341M,51.467933,-2.5670427
2857M,51.508918,-2.5974649
2706M,51.452349,-2.5691234
2707M,51.449663,-2.570529
2397M,51.471611,-2.6218416
2708M,51.449866,-2.5767914
2170M,51.527701,-2.6769939
2172M,51.530857,-2.6738548
2173M,51.52523,-2.6828239
2174M,51.517502,-2.6912401
2176M,51.51162,-2.6914681
2177M,51.504935,-2.6861512
2393M,51.417739,-2.5964044
2394M,51.479378,-2.5890436
2395M,51.430143,-2.5610798
2396M,51.473686,-2.6171904
5296M,51.47493,-2.5796273
2398M,51.440538,-2.6024996
2865M,51.489691,-2.5636831
2714M,51.44264,-2.5778514
2715M,51.442622,-2.5761965
2716M,51.42443,-2.5963189
121M,51.463826,-2.5937376
2623M,51.448233,-2.5742526
2624M,51.447554,-2.5751794
2625M,51.449027,-2.5754569
2626M,51.485826,-2.6030245
2627M,51.485631,-2.6024459
2076M,51.445567,-2.5769531
2344M,51.477446,-2.6303733
2346M,51.468763,-2.5793044
2347M,51.468683,-2.5790731
2348M,51.453649,-2.6143584
2349M,51.472045,-2.6179745
2350M,51.433823,-2.5623189
2630M,51.48437,-2.5363269
2631M,51.492276,-2.5298083
2633M,51.462962,-2.6096612
2178M,51.518451,-2.6687859
2179M,51.520917,-2.671546
2180M,51.516442,-2.6582648
2485M,51.513368,-2.5940935
2486M,51.502091,-2.6170412
2488M,51.441367,-2.5585268
2489M,51.441522,-2.5580827
2490M,51.492748,-2.596346
2491M,51.48988,-2.594537
2492M,51.50933,-2.606505
2494M,51.506774,-2.7124744
2495M,51.511666,-2.6990052
2496M,51.504625,-2.7036232
2718M,51.442096,-2.578751
2401M,51.441881,-2.6019418
2719M,51.42502,-2.5952479
2721M,51.470307,-2.5851835
2723M,51.471125,-2.5870656
2187M,51.434787,-2.5467509
2188M,51.437351,-2.6014794
2260M,51.521063,-2.6679882
2261M,51.524324,-2.6604974
2945M,51.458457,-2.6096876
2946M,51.457266,-2.5468756
2948M,51.460253,-2.6067176
2949M,51.459096,-2.6113081
2950M,51.459976,-2.6115358
2951M,51.460269,-2.6123458
134M,51.453417,-2.5983517
2635M,51.489603,-2.5762127
2638M,51.489929,-2.5847435
2639M,51.490783,-2.586598
2402M,51.438577,-2.6026177
2640M,51.494947,-2.5736873
2642M,51.432311,-2.5663281
2643M,51.432093,-2.566872
2418M,51.432601,-2.5432004
2419M,51.43339,-2.5473672
2420M,51.43908,-2.5975888
2497M,51.509118,-2.7040239
2498M,51.502958,-2.696538
2499M,51.513318,-2.7008751
2049M,51.450918,-2.5543262
2050M,51.448458,-2.5778817
2405M,51.500681,-2.6268906
2051M,51.450953,-2.5658681
2052M,51.44629,-2.611799
2053M,51.446057,-2.6218972
2057M,51.477886,-2.6436844
2908M,51.468724,-2.5923903
2909M,51.449692,-2.5237747
2910M,51.485245,-2.5626922
2262M,51.412725,-2.6115088
2264M,51.46965,-2.5539054
2265M,51.469372,-2.5536717
2403M,51.438741,-2.6022026
1699M,51.455218,-2.5925176
1555M,51.461364,-2.5862494
229M,51.455826,-2.5968001
2059M,51.481478,-2.5548552
2149M,51.449671,-2.5575921
2150M,51.449589,-2.5577638
2151M,51.449499,-2.5579353
2399M,51.441576,-2.6017363
2400M,51.441567,-2.6017218
5459M,51.459087,-2.5991887
2406M,51.473273,-2.6049178
2407M,51.499057,-2.7098761
2422M,51.43411,-2.5473758
2424M,51.433841,-2.5471712
2425M,51.442548,-2.5503687
2428M,51.434962,-2.5534424
2430M,51.426373,-2.5443204
2962M,51.459374,-2.5574081
2964M,51.481287,-2.5886362
2911M,51.459604,-2.5466445
2913M,51.473417,-2.5672259
2858M,51.43413,-2.5983873
2859M,51.480336,-2.5357035
2860M,51.477804,-2.5368402
2861M,51.489484,-2.5502858
2862M,51.483964,-2.5287615
2863M,51.479377,-2.6374991
2864M,51.481436,-2.5561651
2646M,51.429754,-2.5652752
2649M,51.434057,-2.5623505
5462M,51.459198,-2.5967289
2061M,51.437118,-2.603102
2062M,51.435932,-2.6150988
2063M,51.434968,-2.627357
2065M,51.455472,-2.5648014
2066M,51.463862,-2.5702023
2067M,51.46231,-2.5731914
2068M,51.463816,-2.5832723
2069M,51.464329,-2.6095931
2071M,51.462651,-2.6261101
2072M,51.445004,-2.5907594
2866M,51.486769,-2.6136802
2651M,51.437148,-2.5793646
130M,51.457198,-2.5994087
132M,51.45611,-2.5957963
3131M,51.467589,-2.5149534
3132M,51.468018,-2.5154189
3133M,51.467966,-2.5149864
3134M,51.467967,-2.5148425
2818M,51.497378,-2.6868732
2820M,51.453771,-2.5443153
2181M,51.514653,-2.6582102
5463M,51.458791,-2.5954714
2965M,51.481413,-2.5886378
2966M,51.453724,-2.6138988
2968M,51.452978,-2.6136873
2969M,51.452553,-2.6126023
2970M,51.452508,-2.6125873
2971M,51.423588,-2.6249
2740M,51.492667,-2.6068599
2742M,51.49133,-2.6081384
2351M,51.472276,-2.6184816
2648M,51.434996,-2.5942555
2182M,51.520346,-2.654862
2183M,51.526217,-2.6581031
2184M,51.527134,-2.6597164
2186M,51.528875,-2.6854011
2433M,51.43372,-2.5284543
2434M,51.427226,-2.5388936
2868M,51.463032,-2.5763817
2869M,51.453689,-2.5521578
2870M,51.454492,-2.5535347
2871M,51.455166,-2.5536868
2872M,51.464348,-2.6094494
2791M,51.475321,-2.5966226
2873M,51.438615,-2.5827641
2874M,51.476308,-2.5699976
2875M,51.503611,-2.650271
2876M,51.504603,-2.6496656
2878M,51.465799,-2.5694491
2879M,51.464617,-2.5703557
1475M,51.460383,-2.5917641
1476M,51.460411,-2.5917069
1477M,51.46042,-2.5916494
855M,51.453388,-2.5881333
2792M,51.42521,-2.5371871
856M,51.454129,-2.583926
858M,51.455575,-2.5877296
85M,51.454409,-2.5925072
860M,51.45556,-2.5871825
861M,51.457252,-2.5850453
862M,51.456882,-2.5853572
2906M,51.467175,-2.589491
2907M,51.4676,-2.5907634
2786M,51.432779,-2.6075762
2788M,51.418416,-2.6167762
2793M,51.444938,-2.6036511
2795M,51.506587,-2.6271158
2436M,51.429128,-2.539779
2439M,51.433136,-2.5479539
2440M,51.435216,-2.5473315
2442M,51.433273,-2.5474665
2500M,51.442027,-2.5782034
2972M,51.517153,-2.6724707
2974M,51.418822,-2.6200461
2975M,51.441928,-2.6135679
2189M,51.439884,-2.600261
2190M,51.442376,-2.5947973
2191M,51.503701,-2.7031912
2193M,51.416446,-2.5997093
2194M,51.41499,-2.6029544
2195M,51.442506,-2.585015
2196M,51.46665,-2.52597
2197M,51.470421,-2.6391738
2198M,51.444061,-2.6081576
2199M,51.475223,-2.580207
2202M,51.479095,-2.5899472
2203M,51.413997,-2.5966864
2994M,51.479578,-2.5302227
590M,51.451513,-2.5961825
591M,51.449571,-2.5855083
1288M,51.447913,-2.5897177
1102M,51.451514,-2.6013346
1103M,51.451389,-2.5852437
1105M,51.455996,-2.593492
1107M,51.458006,-2.5960944
1108M,51.457942,-2.5979071
1109M,51.457854,-2.5975606
2796M,51.509209,-2.6295293
2644M,51.431342,-2.5659277
2096M,51.45009,-2.5489053
2097M,51.518363,-2.668381
2098M,51.538286,-2.6750171
2100M,51.49798,-2.6976145
2101M,51.51042,-2.6737404
2102M,51.515685,-2.6650272
2103M,51.505839,-2.6569593
2105M,51.44538,-2.5783896
2106M,51.495824,-2.6135281
2977M,51.457631,-2.6077335
2993M,51.440949,-2.601354
2995M,51.474904,-2.5918513
2997M,51.449965,-2.6155609
2998M,51.458007,-2.5630335
2999M,51.455284,-2.5609563
2914M,51.471627,-2.5617039
2915M,51.470513,-2.5634754
2916M,51.472441,-2.5644495
2917M,51.441333,-2.5487714
1042M,51.450624,-2.5834783
1124M,51.452388,-2.5867964
649M,51.454865,-2.5965429
1213M,51.449707,-2.5852078
670M,51.44881,-2.5848366
671M,51.451724,-2.5828735
821M,51.458694,-2.5914976
2325M,51.456168,-2.5430629
1203M,51.454824,-2.5869284
309M,51.451324,-2.5945827
312M,51.453519,-2.5942514
1421M,51.453566,-2.595648
151M,51.456718,-2.5858444
1258M,51.449806,-2.5924907
195M,51.454873,-2.5950606
198M,51.455969,-2.5934485
902M,51.451902,-2.5992961
904M,51.456437,-2.6056019
1130M,51.453151,-2.5779842
1122M,51.45211,-2.5866201
173M,51.45492,-2.5911609
990M,51.454701,-2.5934032
1239M,51.460721,-2.5979003
943M,51.461375,-2.5983119
28M,51.451655,-2.5948748
650M,51.45445,-2.5968541
653M,51.45403,-2.6068077
751M,51.446265,-2.6165327
3207M,51.478952,-2.533585
825M,51.457922,-2.5894725
3208M,51.49001,-2.5397058
127M,51.454226,-2.6072133
10M,51.455135,-2.5893791
1004M,51.461584,-2.5925281
1007M,51.459967,-2.57784
100M,51.458388,-2.5934367
1981M,51.497054,-2.6325598
1015M,51.455941,-2.5953623
102M,51.457963,-2.5956765
201M,51.452101,-2.5866488
205M,51.449133,-2.5831139
654M,51.458477,-2.5774613
2326M,51.456333,-2.5424172
1284M,51.457896,-2.596496
936M,51.456459,-2.5799977
93M,51.452977,-2.6001593
81M,51.454293,-2.5924049
329M,51.45311,-2.593397
2327M,51.456237,-2.5455968
1457M,51.451149,-2.6041792
76M,51.457108,-2.597594
153M,51.454539,-2.5988989
543M,51.449959,-2.5798865
54M,51.455528,-2.602294
2328M,51.455466,-2.53357
875M,51.453944,-2.5972648
1407M,51.457584,-2.5959162
1441M,51.456471,-2.5793358
1443M,51.447204,-2.6224884
711M,51.45863,-2.5952966
1983M,51.453401,-2.5367553
95M,51.458268,-2.5958676
965M,51.449067,-2.5962514
313M,51.453354,-2.5931411
317M,51.452601,-2.5927572
154M,51.457971,-2.5994188
156M,51.45523,-2.5956409
1896M,51.477157,-2.5327145
158M,51.455497,-2.5890671
164M,51.454786,-2.5926272
1682M,51.453541,-2.61109
1684M,51.453666,-2.6111061
1686M,51.45381,-2.611108
1687M,51.453882,-2.6111089
1984M,51.455975,-2.5441256
1689M,51.454008,-2.6111106
1691M,51.461881,-2.6030974
533M,51.460938,-2.5905046
557M,51.451925,-2.5947776
382M,51.455371,-2.5943906
5464M,51.459887,-2.5956728
320M,51.454706,-2.5924678
32M,51.454946,-2.5930322
1148M,51.452242,-2.5836716
1365M,51.459085,-2.5781311
452M,51.455625,-2.5886082
1228M,51.458637,-2.5956277
1446M,51.457663,-2.5820712
111M,51.451907,-2.5948637
249M,51.45582,-2.5945547
24M,51.451702,-2.5945012
1181M,51.460735,-2.5826717
1183M,51.454587,-2.5784341
144M,51.458784,-2.5932691
514M,51.44878,-2.5908801
1063M,51.458674,-2.5830052
695M,51.455109,-2.5927609
112M,51.456835,-2.5982093
113M,51.455754,-2.5986701
492M,51.455143,-2.5913509
5466M,51.46076,-2.5955114
103M,51.457147,-2.5898799
106M,51.455597,-2.5941345
129M,51.452654,-2.6068902
718M,51.461219,-2.5846354
720M,51.46099,-2.5854961
2629M,51.48473,-2.5382033
211M,51.450447,-2.5866276
96M,51.455871,-2.5951167
1219M,51.45734,-2.5871478
2839M,51.475197,-2.548314
2840M,51.474744,-2.5489853
5488M,51.457813,-2.6072897
5491M,51.456058,-2.6058991
496M,51.45537,-2.5962472
498M,51.455542,-2.5961199
502M,51.455242,-2.5896395
503M,51.456262,-2.5815496
165M,51.454348,-2.5921034
2219M,51.442716,-2.6160101
5493M,51.456911,-2.6062127
5501M,51.455522,-2.6034166
246M,51.454603,-2.5932724
247M,51.454703,-2.5931874
878M,51.455684,-2.5964816
383M,51.455604,-2.5945663
384M,51.457061,-2.5926422
214M,51.453231,-2.5925926
948M,51.452167,-2.6089417
949M,51.453167,-2.6103078
951M,51.451548,-2.6034361
168M,51.455068,-2.5831176
1897M,51.45617,-2.5349743
16M,51.452081,-2.5941176
170M,51.451765,-2.5943438
3218M,51.455491,-2.5973138
772M,51.450154,-2.6070441
846M,51.450987,-2.5971111
1773M,51.506464,-2.6300102
848M,51.450431,-2.5968592
251M,51.45814,-2.5890579
148M,51.454301,-2.5960318
221M,51.453131,-2.5893101
536M,51.455525,-2.5959901
1301M,51.456992,-2.5830414
1346M,51.450671,-2.5902426
1582M,51.456076,-2.5883405
1583M,51.452081,-2.5834393
3223M,51.455684,-2.6033899
3201M,51.456644,-2.5986674
3203M,51.457515,-2.5987939
1769M,51.510286,-2.5990247
701M,51.457743,-2.5928382
5502M,51.453078,-2.6066368
1035M,51.458847,-2.6004378
1037M,51.455865,-2.5873735
140M,51.454048,-2.5981153
880M,51.455825,-2.5863943
212M,51.450491,-2.5866426
213M,51.452988,-2.5926327
714M,51.457491,-2.5948068
988M,51.454972,-2.5932772
1677M,51.453208,-2.6110855
114M,51.455518,-2.5828931
758M,51.445764,-2.5915894
281M,51.447593,-2.5943327
260M,51.457115,-2.5962412
263M,51.448654,-2.5890078
143M,51.458705,-2.5930234
5504M,51.455364,-2.6080488
881M,51.454789,-2.5937642
216M,51.456696,-2.5794106
218M,51.4532,-2.5898147
220M,51.453138,-2.5895548
393M,51.454562,-2.5942793
1679M,51.453343,-2.6110873
363M,51.454836,-2.5917787
283M,51.453114,-2.5872662
1464M,51.449439,-2.5938674
1277M,51.453967,-2.5801676
1028M,51.454066,-2.6068226
901M,51.450472,-2.6011769
884M,51.457428,-2.5911214
422M,51.457149,-2.5984005
5506M,51.452861,-2.6034102
1985M,51.454882,-2.547135
850M,51.450473,-2.5885995
53M,51.455183,-2.594273
1021M,51.457177,-2.5927877
1022M,51.46098,-2.5876551
286M,51.453933,-2.5889606
2272M,51.44142,-2.5662538
1467M,51.462641,-2.5897637
240M,51.457409,-2.5878539
241M,51.457357,-2.5875366
3205M,51.457738,-2.5991423
242M,51.449027,-2.5882643
1535M,51.456051,-2.5967886
236M,51.450952,-2.5968516
934M,51.451225,-2.605058
117M,51.4564,-2.5810333
851M,51.450509,-2.5885999
340M,51.45603,-2.5921108
1039M,51.455572,-2.5954295
388M,51.455726,-2.5952875
389M,51.456257,-2.593481
391M,51.45633,-2.5932804
1356M,51.449082,-2.6193768
428M,51.45601,-2.5978099
243M,51.453757,-2.5987879
75M,51.454385,-2.5991127
761M,51.450264,-2.6083839
717M,51.457057,-2.5951609
3092M,51.478333,-2.6474346
788M,51.448505,-2.5901139
789M,51.451113,-2.6005522
792M,51.451552,-2.6008458
541M,51.452751,-2.5931765
1251M,51.461758,-2.5972517
1257M,51.449182,-2.5930439
178M,51.460444,-2.5905414
181M,51.455942,-2.5915915
394M,51.455046,-2.5945447
1100M,51.452031,-2.5987365
1120M,51.456259,-2.596561
3161M,51.440816,-2.6008775
1669M,51.458107,-2.5903097
462M,51.455803,-2.5889559
284M,51.453468,-2.5973449
774M,51.447991,-2.5956906
776M,51.448546,-2.6100879
829M,51.457913,-2.5912572
798M,51.451726,-2.5860971
7M,51.455753,-2.5952591
1403M,51.450702,-2.6017844
1404M,51.4507,-2.6022449
1693M,51.449286,-2.5973623
1979M,51.417708,-2.6180897
182M,51.455434,-2.5995583
423M,51.456112,-2.5972356
599M,51.455351,-2.5840135
5M,51.45109,-2.6015161
827M,51.457529,-2.5890932
3093M,51.509546,-2.6287414
82M,51.45432,-2.592434
1355M,51.449462,-2.6206915
1242M,51.460927,-2.5979606
344M,51.45469,-2.5938493
345M,51.455579,-2.5940911
1675M,51.453073,-2.6110693
1295M,51.458119,-2.5879926
1696M,51.455273,-2.5924032
63M,51.446253,-2.5980134
1417M,51.453179,-2.609718
1041M,51.452035,-2.5944336
602M,51.459497,-2.5893057
1439M,51.450545,-2.5886004
9M,51.455061,-2.5897811
1980M,51.442232,-2.6308666
1440M,51.450589,-2.588601
669M,51.448115,-2.5943827
1218M,51.452217,-2.5867079
933M,51.458534,-2.6000739
1493M,51.451282,-2.6199535
1292M,51.452312,-2.5912136
5251M,51.455483,-2.5810072
227M,51.454288,-2.603832
1398M,51.460507,-2.5850581
1399M,51.460544,-2.5849435
453M,51.455625,-2.5885362
5244M,51.454126,-2.5827026
5245M,51.454117,-2.582573
5247M,51.452982,-2.5813065
5249M,51.454528,-2.5812685
5250M,51.454725,-2.5814437
2267M,51.481437,-2.528761
2270M,51.441415,-2.5636351
2271M,51.44105,-2.5646809
2012M,51.512654,-2.6961671
2013M,51.500172,-2.699348
1392M,51.447936,-2.6235344
912M,51.457993,-2.5844071
437M,51.455428,-2.5902464
913M,51.462431,-2.5851547
916M,51.457412,-2.5799523
228M,51.451936,-2.5997283
435M,51.456304,-2.5965904
2323M,51.50471,-2.6578796
442M,51.456253,-2.5888897
446M,51.451562,-2.5882393
1501M,51.459074,-2.5999802
2014M,51.464335,-2.5125128
2015M,51.500601,-2.707307
2017M,51.484324,-2.678785
2018M,51.479795,-2.6497737
2321M,51.459899,-2.5509085
2322M,51.445153,-2.5986034
91M,51.453052,-2.5905323
2956M,51.477418,-2.6254484
2339M,51.53942,-2.6826614
2345M,51.468908,-2.5791335
2632M,51.487306,-2.6746958
439M,51.456116,-2.5891758
3095M,51.529798,-2.6734931
397M,51.454742,-2.5942241
377M,51.456094,-2.593594
1651M,51.460687,-2.5921423
1899M,51.443307,-2.5608527
1900M,51.466207,-2.6201126
1901M,51.493803,-2.6165979
1902M,51.491313,-2.6164203
1904M,51.472777,-2.6105264
1906M,51.492398,-2.6153978
1907M,51.497279,-2.5928758
1908M,51.493305,-2.6138544
1909M,51.50819,-2.6044005
1910M,51.493124,-2.61414
1911M,51.492232,-2.6075599
1912M,51.498739,-2.6234354
1913M,51.501799,-2.6229008
3091M,51.453941,-2.6118149
238M,51.457293,-2.5877517
253M,51.457706,-2.5858859
3096M,51.529579,-2.6725529
5455M,51.460746,-2.599959
5456M,51.461015,-2.600236
5457M,51.461199,-2.5993459
39M,51.455311,-2.5902592
400M,51.454777,-2.5945268
403M,51.451515,-2.5958084
1297M,51.456763,-2.5857011
420M,51.454678,-2.5980804
609M,51.454541,-2.5983664
5458M,51.459916,-2.5987678
1394M,51.454187,-2.5936844
1395M,51.451724,-2.5971207
925M,51.448199,-2.5901387
51M,51.451455,-2.6006142
596M,51.460645,-2.5934228
3013M,51.443336,-2.5491983
1539M,51.463999,-2.589738
50M,51.448582,-2.589122
511M,51.45826,-2.5956084
641M,51.453663,-2.585388
818M,51.457955,-2.5953741
1211M,51.449369,-2.5899523
2273M,51.44223,-2.5605229
2274M,51.44311,-2.5644617
2276M,51.456834,-2.6208923
2278M,51.503654,-2.6539167
2279M,51.479674,-2.6505064
2281M,51.433011,-2.5419826
2282M,51.486369,-2.5772809
2501M,51.52421,-2.6584489
2503M,51.497538,-2.705358
2504M,51.464402,-2.6093637
3015M,51.427839,-2.6168312
1264M,51.456799,-2.5767781
406M,51.44857,-2.5967486
408M,51.449516,-2.5964299
526M,51.452588,-2.5899075
463M,51.456941,-2.5861064
3016M,51.442877,-2.5493079
1977M,51.453851,-2.5367606
1978M,51.441862,-2.5984884
517M,51.451619,-2.6018108
1049M,51.460169,-2.5878606
1191M,51.452978,-2.6102622
334M,51.45498,-2.5934356
335M,51.455171,-2.5929488
3010M,51.446509,-2.5455671
3011M,51.447017,-2.5464078
296M,51.452455,-2.5878334
298M,51.453692,-2.588425
299M,51.452294,-2.5875148
1053M,51.459996,-2.6041953
255M,51.462099,-2.6027836
807M,51.454207,-2.5986643
1198M,51.455089,-2.600187
1563M,51.452027,-2.5835106
1396M,51.451698,-2.5970196
1569M,51.457771,-2.5963361
1106M,51.45151,-2.6021836
1924M,51.493639,-2.6187564
817M,51.457811,-2.595473
336M,51.454701,-2.5934032
1450M,51.463251,-2.5900306
1914M,51.477559,-2.6492091
1916M,51.483516,-2.6451174
1917M,51.483939,-2.6336023
1918M,51.493029,-2.615003
1919M,51.493029,-2.615003
1920M,51.508359,-2.6065641
1921M,51.493594,-2.6186837
1922M,51.492819,-2.6034769
1923M,51.470818,-2.6154241
1926M,51.502811,-2.6517291
1927M,51.503914,-2.6792634
1928M,51.420544,-2.5948014
1930M,51.46224,-2.6204762
257M,51.461841,-2.5985915
259M,51.458304,-2.5958249
928M,51.458148,-2.6015801
1361M,51.459154,-2.5803918
1570M,51.457744,-2.5962781
1572M,51.457682,-2.5961622
1224M,51.448837,-2.6077606
3239M,51.443836,-2.5668448
3243M,51.47186,-2.5784942
1236M,51.448622,-2.6094414
611M,51.454646,-2.5936904
1206M,51.451757,-2.5960562
356M,51.455312,-2.5917129
1931M,51.503075,-2.6197486
5508M,51.455399,-2.6029112
5509M,51.452822,-2.6021865
5510M,51.453064,-2.6024199
5512M,51.453074,-2.6022042
5513M,51.45317,-2.6027235
5514M,51.455268,-2.6022906
5515M,51.452634,-2.6019969
3234M,51.51369,-2.672679
3236M,51.514108,-2.6718494
3097M,51.531834,-2.67286
3098M,51.525672,-2.6764305
3099M,51.526589,-2.6764296
470M,51.455246,-2.5924604
530M,51.456963,-2.5889708
532M,51.45542,-2.5917862
567M,51.456308,-2.5813343
2514M,51.464696,-2.5959801
616M,51.458625,-2.5908921
617M,51.457846,-2.5903064
663M,51.451049,-2.5884486
86M,51.452276,-2.5857012
324M,51.453742,-2.5928151
627M,51.448464,-2.5910631
1860M,51.415582,-2.5485348
1861M,51.489735,-2.5544657
426M,51.456742,-2.597143
3100M,51.527286,-2.680332
2505M,51.44363,-2.593864
2506M,51.443684,-2.5938359
2507M,51.468656,-2.5236896
2508M,51.463046,-2.5154204
2509M,51.466844,-2.5145419
2511M,51.465008,-2.5148668
2512M,51.457159,-2.5748828
1862M,51.49154,-2.5530473
2516M,51.457679,-2.6088712
56M,51.462947,-2.6003909
1054M,51.457108,-2.5976084
603M,51.453798,-2.5816191
73M,51.453235,-2.5864043
741M,51.456081,-2.5961845
746M,51.453422,-2.5974883
747M,51.450707,-2.5992085
1452M,51.458033,-2.5994916
1453M,51.45806,-2.5995063
1492M,51.460735,-2.5915959
1863M,51.481914,-2.6204697
1864M,51.428351,-2.6287479
628M,51.455214,-2.5933379
2518M,51.494257,-2.6540559
2769M,51.488083,-2.5906105
2550M,51.415481,-2.5603681
2551M,51.490244,-2.6076919
2552M,51.490037,-2.6077899
2553M,51.501987,-2.6163482
2555M,51.424498,-2.6346638
2556M,51.421802,-2.6343244
2557M,51.437993,-2.6248376
2559M,51.505414,-2.6126052
1055M,51.449007,-2.5902787
274M,51.450374,-2.5902531
366M,51.455386,-2.5914692
36M,51.455102,-2.5905732
370M,51.45557,-2.5922487
899M,51.450899,-2.6055862
1866M,51.441029,-2.5306393
1867M,51.48075,-2.5529167
357M,51.455285,-2.5917845
632M,51.454899,-2.5988029
635M,51.455261,-2.5930507
2561M,51.463599,-2.5363712
1933M,51.466226,-2.5438157
1935M,51.452392,-2.6139817
1936M,51.507171,-2.6355817
1937M,51.505344,-2.6326026
1859M,51.409358,-2.5487191
330M,51.454056,-2.593107
472M,51.455817,-2.5860344
1134M,51.456244,-2.5833773
1140M,51.458748,-2.5986805
1142M,51.456184,-2.5990068
1383M,51.45399,-2.5829311
411M,51.452753,-2.5963282
666M,51.451936,-2.589122
42M,51.452619,-2.592743
48M,51.455848,-2.5871718
490M,51.454599,-2.5923369
857M,51.454128,-2.5839979
859M,51.455567,-2.5876431
1287M,51.449532,-2.5897818
1104M,51.451743,-2.5826867
1647M,51.450557,-2.5860822
1869M,51.487294,-2.6767551
1870M,51.496332,-2.6330684
3102M,51.529022,-2.6755719
3103M,51.528525,-2.6760259
3104M,51.53061,-2.6777146
3106M,51.483718,-2.5373993
3107M,51.487863,-2.6142998
3108M,51.414519,-2.5603132
3109M,51.506744,-2.6281265
3110M,51.51498,-2.5953538
3250M,51.459818,-2.6004793
476M,51.456536,-2.5807903
570M,51.456068,-2.5808707
1332M,51.449586,-2.5897537
1335M,51.455752,-2.591992
1337M,51.455671,-2.5920198
667M,51.453642,-2.5913603
685M,51.456143,-2.5929182
222M,51.453068,-2.5891509
521M,51.451589,-2.6024005
629M,51.455303,-2.5935406
630M,51.455375,-2.5936423
491M,51.458259,-2.592226
3251M,51.459312,-2.6009333
3254M,51.417709,-2.6179028
3257M,51.453453,-2.6107002
5441M,51.460147,-2.6132509
5445M,51.458645,-2.6098916
696M,51.454559,-2.593056
906M,51.455035,-2.6019997
589M,51.452562,-2.5896337
1611M,51.461653,-2.5895638
1504M,51.449584,-2.5970784
1505M,51.449503,-2.5970917
457M,51.456081,-2.5889739
564M,51.454713,-2.5928709
43M,51.452654,-2.5929305
1400M,51.460364,-2.5848548
5446M,51.460929,-2.6099364
1401M,51.450136,-2.6121094
1471M,51.451209,-2.5959339
1473M,51.457268,-2.5781369
854M,51.453433,-2.588177
2161M,51.511112,-2.6737794
2163M,51.535851,-2.6747936
2167M,51.540317,-2.6737494
223M,51.452961,-2.5890344
226M,51.45455,-2.5912569
1551M,51.451814,-2.5971075
431M,51.455544,-2.5974728
372M,51.45457,-2.5926963
413M,51.451311,-2.5971441
2594M,51.471319,-2.6141063
415M,51.452022,-2.5987652
1845M,51.460817,-2.5410885
1846M,51.461876,-2.551249
1848M,51.453844,-2.5381997
1849M,51.454437,-2.550008
1850M,51.452519,-2.5524027
1851M,51.442149,-2.5586227
1852M,51.470784,-2.568633
1854M,51.489158,-2.6653612
1855M,51.428433,-2.627023
1856M,51.484042,-2.5412195
2417M,51.430363,-2.5449575
955M,51.455768,-2.592352
957M,51.454089,-2.5936543
1645M,51.454666,-2.6091621
432M,51.455687,-2.597561
434M,51.456134,-2.5964011
477M,51.456116,-2.5802525
418M,51.454353,-2.5983064
41M,51.452556,-2.5927566
522M,51.446703,-2.6014728
5447M,51.458802,-2.602222
5448M,51.461247,-2.6022542
5449M,51.460706,-2.6025925
5452M,51.458445,-2.5999
5453M,51.459345,-2.5996527
1738M,51.485443,-2.6671505
3082M,51.47783,-2.5349542
3083M,51.458857,-2.5333217
3086M,51.47132,-2.6155892
3087M,51.471041,-2.615787
3088M,51.479282,-2.616474
3089M,51.453658,-2.612689
3090M,51.453366,-2.611836
5236M,51.45536,-2.5858415
5238M,51.454928,-2.5859367
5241M,51.45501,-2.5820662
3238M,51.471723,-2.6394224
1374M,51.452996,-2.5802848
1557M,51.455801,-2.5893013
1390M,51.455731,-2.5907828
482M,51.454141,-2.5832929
396M,51.454831,-2.5943692
58M,51.45139,-2.6009731
46M,51.453519,-2.6048869
1291M,51.452222,-2.5910973
1805M,51.46653,-2.5744535
1806M,51.4662,-2.5739743
1810M,51.452113,-2.5620687
1811M,51.43642,-2.5532442
1667M,51.455421,-2.5932687
1701M,51.461365,-2.5897616
1707M,51.451761,-2.5969341
1709M,51.451285,-2.5789392
2038M,51.408979,-2.5968367
1727M,51.460013,-2.6009713
1732M,51.420457,-2.5943113
2455M,51.464724,-2.5940947
2819M,51.490923,-2.6867041
2823M,51.465531,-2.5727711
3147M,51.50118,-2.6243331
2411M,51.431708,-2.5417658
2412M,51.432204,-2.5453966
2884M,51.451369,-2.6136514
2207M,51.428927,-2.5404958
3148M,51.505776,-2.6324357
3151M,51.501742,-2.63019
2709M,51.452236,-2.5665459
2943M,51.458086,-2.6085168
2171M,51.525243,-2.6729214
3173M,51.470869,-2.6141866
2564M,51.462907,-2.5441649
2001M,51.44311,-2.5954831
2004M,51.501124,-2.705543
2996M,51.453735,-2.6252829
3230M,51.457446,-2.6173599
2782M,51.43675,-2.6047228
2784M,51.432775,-2.6100791
2566M,51.486758,-2.5601904
2568M,51.484727,-2.5427397
2803M,51.436696,-2.5556933
2804M,51.419039,-2.5884399
2653M,51.492238,-2.5516585
2175M,51.519607,-2.6772918
2825M,51.466831,-2.5735792
2677M,51.43981,-2.6023893
2952M,51.460458,-2.6105635
2135M,51.441457,-2.5605134
2301M,51.450285,-2.5756742
2539M,51.45511,-2.6187388
1349M,51.450516,-2.590773
2487M,51.471602,-2.6116625
2613M,51.446415,-2.5781437
2493M,51.534307,-2.6711665
2054M,51.463532,-2.5131659
2055M,51.443189,-2.5957
1825M,51.48458,-2.6297804
3272M,51.461898,-2.5269085
719M,51.461357,-2.5840614
2618M,51.447771,-2.5768369
2765M,51.453414,-2.553277
2084M,51.473453,-2.623796
1718M,51.454126,-2.5844872
1762M,51.479893,-2.6483495
2293M,51.452613,-2.5665218
1720M,51.447173,-2.5921257
1722M,51.447226,-2.5922846
2404M,51.440279,-2.6021797
1724M,51.455217,-2.5891786
2453M,51.434912,-2.5449254
2703M,51.450086,-2.5722611
2991M,51.470133,-2.5930708
1934M,51.463337,-2.6221033
3121M,51.440823,-2.5996258
1796M,51.428797,-2.529505
1554M,51.461392,-2.586149
2976M,51.493246,-2.619889
1019M,51.453397,-2.5934583
3187M,51.485383,-2.6275736
1712M,51.45154,-2.5836914
3025M,51.462367,-2.622047
2064M,51.438178,-2.6238475
1665M,51.456736,-2.5821602
1751M,51.507171,-2.6356537
1813M,51.454523,-2.5468428
1815M,51.452779,-2.5469227
3154M,51.434259,-2.6168314
2628M,51.485804,-2.6038883
2366M,51.476483,-2.6118286
2056M,51.477875,-2.5803846
2912M,51.460194,-2.5417577
2645M,51.42977,-2.5675481
2647M,51.435497,-2.5948374
2650M,51.437792,-2.5672447
2435M,51.431383,-2.5343394
1725M,51.455389,-2.5890369
3052M,51.489764,-2.623745
3054M,51.489692,-2.623744
3057M,51.496399,-2.6153797
2725M,51.440062,-2.6041191
2732M,51.441566,-2.5949739
2734M,51.442322,-2.5966239
2077M,51.47974,-2.5666996
1816M,51.452797,-2.5469229
1821M,51.429957,-2.5294609
3018M,51.464212,-2.6216978
3170M,51.43467,-2.5486484
3172M,51.46706,-2.5891009
2185M,51.472241,-2.6063295
2437M,51.435734,-2.5460429
2441M,51.434257,-2.548514
2973M,51.465461,-2.5815227
2992M,51.456442,-2.6082646
2668M,51.44093,-2.5997711
2107M,51.462468,-2.5685295
2671M,51.414691,-2.6139508
2674M,51.462852,-2.5442794
1802M,51.483267,-2.5491885
2042M,51.521031,-2.6736088
2048M,51.512681,-2.6208445
2382M,51.473489,-2.5782556
1929M,51.471014,-2.6019653
2849M,51.481758,-2.529312
2852M,51.407103,-2.5783233
2126M,51.456515,-2.5439881
2231M,51.46681,-2.5667409
2470M,51.47259,-2.6117765
2355M,51.45711,-2.6197014
1963M,51.456818,-2.5672647
1968M,51.473636,-2.6061321
2095M,51.520857,-2.6599283
2104M,51.459539,-2.5511057
3240M,51.446014,-2.5416473
1409M,51.452831,-2.5987038
1412M,51.458569,-2.6019742
1024M,51.458795,-2.5929526
2M,51.455546,-2.5899888
3094M,51.499879,-2.6958427
3255M,51.440032,-2.5613017
3014M,51.441349,-2.5491889
3017M,51.465781,-2.6123188
2357M,51.423083,-2.5723983
2421M,51.427991,-2.5521355
2423M,51.44201,-2.5501177
2937M,51.463833,-2.5976531
2897M,51.488885,-2.6165604
2904M,51.431407,-2.5288735
2919M,51.471062,-2.5941771
1766M,51.498518,-2.6072689
301M,51.453891,-2.5883124
3241M,51.459619,-2.5971662
304M,51.44891,-2.586464
1425M,51.449486,-2.6143456
1982M,51.485836,-2.5611873
1915M,51.492709,-2.6073934
1925M,51.467454,-2.5310179
1764M,51.483021,-2.6336184
1767M,51.494537,-2.6171696
2070M,51.45306,-2.6152571
2867M,51.451521,-2.6121711
2877M,51.504122,-2.6504512
1426M,51.45847,-2.6002889
580M,51.460073,-2.6015478
190M,51.452027,-2.5888785
192M,51.455026,-2.5950625
1932M,51.500074,-2.5895554
3235M,51.51369,-2.672607
3237M,51.52583,-2.6771103
3242M,51.459584,-2.5968491
3246M,51.471196,-2.5764702
2938M,51.459699,-2.6163396
2940M,51.456245,-2.6097156
2713M,51.489465,-2.5840606
2833M,51.462064,-2.621539
2192M,51.491591,-2.686282
1414M,51.457426,-2.59862
2200M,51.473562,-2.6436379
1575M,51.452589,-2.6020826
1578M,51.447928,-2.5974165
1580M,51.450076,-2.6236067
839M,51.452772,-2.5927162
1416M,51.45748,-2.5986927
290M,51.45258,-2.5878926
3248M,51.460596,-2.5976684
3249M,51.459069,-2.5955757
3101M,51.526172,-2.6755586
2510M,51.465495,-2.5145843
2513M,51.463591,-2.5958074
3245M,51.470117,-2.5746282
2686M,51.462272,-2.6161008
3262M,51.454539,-2.6196234
3263M,51.458865,-2.5967965
3265M,51.451372,-2.6010017
3266M,51.478702,-2.5330205
707M,51.456984,-2.5919216
801M,51.457059,-2.5983993
1800M,51.493177,-2.5585407
291M,51.452616,-2.5879219
293M,51.452026,-2.5873242
729M,51.457271,-2.5849592
305M,51.453677,-2.5914471
2515M,51.461526,-2.6211719
2517M,51.493146,-2.6185336
2588M,51.482069,-2.5401161
2549M,51.414137,-2.5593307
2554M,51.459762,-2.611317
2426M,51.4439,-2.5495936
2427M,51.433826,-2.5367415
2431M,51.432285,-2.5375146
2432M,51.433922,-2.529593
2584M,51.481802,-2.543281
1781M,51.455476,-2.6260119
1782M,51.453226,-2.6264128
1785M,51.453802,-2.6144324
307M,51.450523,-2.5946874
586M,51.452697,-2.5897074
2660M,51.441142,-2.5986948
588M,51.452598,-2.589663
2558M,51.468245,-2.5349572
2560M,51.463173,-2.5371579
1865M,51.407948,-2.5998138
1868M,51.495427,-2.6601371
1765M,51.47683,-2.6295153
3022M,51.463917,-2.6229893
3024M,51.463127,-2.6210065
2251M,51.493738,-2.6048719
2292M,51.452568,-2.5666508
2375M,51.499598,-2.6089688
2695M,51.463562,-2.574661
2698M,51.450918,-2.5768478
2700M,51.450927,-2.5748908
2704M,51.450306,-2.5713285
1433M,51.456862,-2.5767069
1435M,51.456432,-2.5764424
1033M,51.455774,-2.5999801
83M,51.454347,-2.5924632
3105M,51.482819,-2.5392033
3111M,51.461909,-2.6200975
3112M,51.461689,-2.6209294
3252M,51.459157,-2.6013199
3253M,51.432623,-2.6047834
2252M,51.493651,-2.604381
2254M,51.435402,-2.5778463
2258M,51.529287,-2.6700259
2604M,51.471853,-2.5224593
2611M,51.453739,-2.5375508
3267M,51.478657,-2.5331639
2371M,51.469145,-2.5783735
2238M,51.483331,-2.5393533
2248M,51.431194,-2.581562
2250M,51.417649,-2.6242006
2592M,51.48555,-2.5647122
1462M,51.461585,-2.5852015
1463M,51.449637,-2.5938556
265M,51.448758,-2.5899013
3268M,51.486107,-2.5496258
2661M,51.441058,-2.5992404
2447M,51.434476,-2.5478117
2449M,51.434573,-2.5521861
2925M,51.469674,-2.5657398
3064M,51.480778,-2.6475268
1247M,51.461517,-2.5970326
3269M,51.443493,-2.6305099
3270M,51.443466,-2.6304232
3113M,51.495833,-2.5615406
2529M,51.484792,-2.6485342
2967M,51.454421,-2.6129151
3072M,51.487695,-2.674327
1788M,51.443631,-2.5955906
2201M,51.473168,-2.6432004
2452M,51.432338,-2.5454414
2984M,51.466221,-2.5806398
2988M,51.497605,-2.6956064
2546M,51.442013,-2.631511
268M,51.450511,-2.5899095
1344M,51.458533,-2.596749
3256M,51.453094,-2.6070256
3258M,51.486433,-2.6795364
1739M,51.495005,-2.6727352
2317M,51.486419,-2.542443
2210M,51.445104,-2.6201144
2741M,51.495239,-2.6050214
2743M,51.513214,-2.6881201
2787M,51.434077,-2.6086292
3027M,51.498403,-2.6069505
2547M,51.46543,-2.5859561
1789M,51.439947,-2.5986072
3046M,51.45784,-2.6210498
3195M,51.460359,-2.5371536
3198M,51.455837,-2.6190077
3212M,51.458797,-2.6013439
2019M,51.51501,-2.6242628
3004M,51.439534,-2.5449804
2085M,51.524306,-2.6871631
3030M,51.490036,-2.6689748
3033M,51.45575,-2.5536939
3182M,51.498876,-2.6951215
3186M,51.49835,-2.6974041
1838M,51.482121,-2.5285961
2388M,51.492452,-2.674282
3214M,51.467727,-2.5777941
1994M,51.440976,-2.595959
1666M,51.45179,-2.6018131
3009M,51.443907,-2.5463131
1834M,51.485671,-2.5466826
1837M,51.464498,-2.5123419
2768M,51.464711,-2.5750497
2011M,51.419967,-2.5898324
1753M,51.502714,-2.6367442
2928M,51.467486,-2.5989677
2717M,51.42596,-2.5923835
2289M,51.452035,-2.5540662
2720M,51.469818,-2.5823699
2722M,51.471484,-2.5871422
2724M,51.43983,-2.6039002
865M,51.45388,-2.5992932
779M,51.453445,-2.5982082
1791M,51.436468,-2.5984179
1847M,51.468785,-2.5407221
1853M,51.504816,-2.6134328
1756M,51.502585,-2.6373619
1757M,51.500442,-2.6411786
1874M,51.509728,-2.6736582
1879M,51.420215,-2.59415
1884M,51.465112,-2.6232647
3120M,51.525586,-2.6787932
2794M,51.496414,-2.6621537
2963M,51.474969,-2.6261348
2789M,51.43478,-2.5872324
3127M,51.466805,-2.5546627
2663M,51.441031,-2.5993696
2665M,51.440994,-2.599513
3191M,51.483282,-2.6168592
2667M,51.440957,-2.5996276
2763M,51.427156,-2.544229
1857M,51.527149,-2.6681926
1858M,51.526003,-2.6657253
3084M,51.504076,-2.6054266
1743M,51.494386,-2.6615049
1746M,51.496236,-2.6538537
2574M,51.483737,-2.5469331
2576M,51.441047,-2.5997726
2790M,51.491438,-2.6800285
3192M,51.453397,-2.5355895
2332M,51.509106,-2.6320207
704M,51.457247,-2.5932348
1891M,51.433839,-2.5278946
2751M,51.472247,-2.5819689
2678M,51.439912,-2.6019159
2752M,51.474056,-2.5834318
3085M,51.470665,-2.615422
2268M,51.442294,-2.5658617
2269M,51.442169,-2.5656875
2093M,51.52242,-2.6601383
2016M,51.505268,-2.7132865
2680M,51.480917,-2.5924187
2634M,51.453789,-2.613396
2636M,51.492465,-2.5645816
2336M,51.451318,-2.6215801
2771M,51.487671,-2.5904467
2641M,51.434673,-2.5688029
2263M,51.470092,-2.5535796
2266M,51.468697,-2.553865
342M,51.454926,-2.5934062
1423M,51.456688,-2.5917739
1186M,51.449323,-2.5973052
2324M,51.456695,-2.5438463
1898M,51.434663,-2.5483462
1903M,51.509054,-2.5936771
1905M,51.493277,-2.6035838
2637M,51.493113,-2.5810103
1759M,51.498837,-2.646904
2058M,51.506326,-2.6306134
2060M,51.493986,-2.6159666
3122M,51.474024,-2.5296976
3124M,51.481428,-2.556021
2277M,51.533046,-2.6746656
248M,51.455687,-2.5940061
183M,51.450015,-2.5901478
186M,51.454601,-2.5919771
1408M,51.454134,-2.5988936
2275M,51.456818,-2.6205178
2280M,51.433325,-2.5421014
2502M,51.501032,-2.6892332
3012M,51.445613,-2.5486789
1761M,51.498518,-2.6476342
2929M,51.465561,-2.597359
1939M,51.475364,-2.5548385
1948M,51.461569,-2.5476036
2813M,51.489107,-2.6741751
